house_id,area_sqft,bedrooms,bathrooms,stories,garage_spaces,age_years,distance_to_center_km,neighborhood,has_pool,has_garden,school_rating,crime_index,renovated,price
1,2730,6,5,3,1,49,8.9,Green Valley,0,1,2,6.1,0,379500
2,1544,4,4,3,3,34,4.7,Downtown,0,0,6,6.2,0,314000
3,1818,4,4,2,0,8,0.5,Old Town,0,0,7,6.9,0,263400
4,2024,4,3,1,2,33,20.4,Hillcrest,0,1,8,3.0,1,318100
5,1366,3,2,1,2,59,6.4,Hillcrest,0,0,2,2.4,0,191700
6,1801,2,1,2,3,29,38.0,Old Town,0,0,4,5.3,1,171200
7,1800,2,2,2,2,41,2.4,Green Valley,0,1,8,2.4,0,305900
8,835,3,3,3,1,29,13.2,Riverside,0,1,1,5.6,0,168300
9,2360,1,1,1,1,30,4.0,Green Valley,0,1,2,1.8,0,295600
10,2130,4,4,2,3,10,5.8,Old Town,0,1,9,3.3,0,298900
11,1456,2,2,1,1,44,4.8,Downtown,0,1,4,4.1,0,199300
12,1706,5,4,2,2,11,2.5,Downtown,0,1,5,5.9,0,349000
13,2078,2,1,3,2,41,2.9,Downtown,0,0,7,1.8,0,309000
14,1656,3,3,2,3,25,26.4,Downtown,0,0,4,7.4,1,277700
15,1666,5,4,2,1,28,16.1,Lakeside,0,0,10,9.2,0,292100
16,1001,4,4,3,1,10,25.8,Hillcrest,0,1,9,9.5,0,169800
17,2105,3,3,1,1,37,2.0,Hillcrest,0,1,5,4.8,0,283700
18,1868,4,4,2,1,6,1.1,Lakeside,0,0,4,6.9,1,379300
19,1951,3,2,1,0,3,12.2,Lakeside,0,0,8,5.7,1,334000
20,960,2,1,1,2,3,1.8,Old Town,1,0,4,5.0,0,171300
21,2708,6,6,2,2,24,3.8,Hillcrest,0,0,9,9.9,0,397600
22,1885,5,5,2,1,29,12.9,Hillcrest,0,1,7,5.6,0,319700
23,1587,4,4,1,2,49,7.9,Downtown,0,1,7,9.8,0,276800
24,2916,3,2,2,0,34,14.7,Old Town,0,1,6,1.9,0,297300
25,1775,3,3,2,1,36,3.2,Downtown,1,0,2,7.9,0,318500
26,1002,2,1,2,1,33,3.4,Lakeside,0,0,9,6.8,1,239400
27,1577,1,1,1,0,16,16.3,Green Valley,1,0,9,4.2,0,250200
28,541,5,3,2,2,57,5.9,Old Town,0,1,8,9.5,1,109500
29,2377,3,3,3,2,26,3.7,Old Town,0,1,9,1.7,1,319900
30,1571,2,2,2,1,38,4.7,Lakeside,0,1,5,4.5,0,293400
31,1392,4,3,1,1,53,10.0,Downtown,0,0,3,3.8,0,172500
32,2390,3,3,1,2,24,9.1,Green Valley,1,0,4,7.8,1,363300
33,892,4,4,3,2,48,1.7,Riverside,0,0,6,6.9,1,198500
34,2094,2,2,1,0,52,28.5,Old Town,1,1,2,9.3,0,153300
35,665,3,2,3,1,11,15.6,Green Valley,0,0,4,2.3,1,176700
36,1436,3,2,1,0,14,4.5,Lakeside,0,1,8,1.4,1,307600
37,1138,3,2,1,1,17,0.7,Riverside,0,1,3,6.0,1,247200
38,2604,2,2,3,2,37,17.4,Riverside,1,1,2,9.1,1,303300
39,2771,5,3,2,1,47,4.7,Hillcrest,0,1,2,1.0,0,349100
40,1619,4,2,2,3,10,8.1,Old Town,0,1,5,4.9,0,220100
41,2262,3,2,3,0,53,1.5,Downtown,0,0,5,1.1,0,299000
42,1701,3,3,1,3,27,1.4,Old Town,0,1,3,2.3,1,210300
43,2112,4,4,1,0,55,3.0,Riverside,0,0,5,4.5,0,291600
44,1386,3,2,1,2,28,11.0,Downtown,0,1,2,1.5,0,213800
45,860,1,1,1,2,33,13.5,Downtown,0,1,5,4.7,0,139000
46,808,4,4,1,2,40,4.5,Green Valley,0,1,9,3.3,0,190600
47,2011,4,3,1,0,34,9.8,Old Town,1,0,8,9.4,0,217000
48,3036,5,4,1,3,12,9.6,Lakeside,0,1,7,7.7,1,579100
49,1948,4,3,1,1,12,9.1,Green Valley,0,0,7,4.4,0,316900
50,1511,2,2,1,2,36,1.4,Hillcrest,0,1,9,3.8,0,235800
51,2852,3,2,2,2,58,13.7,Downtown,0,1,8,3.7,0,437400
52,1931,1,1,2,2,11,3.0,Lakeside,0,0,6,6.0,0,355500
53,1856,2,2,1,1,12,14.1,Downtown,1,1,1,8.2,1,321100
54,1939,3,2,1,1,46,10.7,Downtown,0,1,1,1.4,0,268100
55,1727,2,1,1,2,59,17.9,Riverside,0,1,2,8.3,0,165000
56,1630,2,2,3,1,51,1.8,Lakeside,0,1,8,1.8,0,317100
57,1011,4,4,2,2,55,3.0,Riverside,0,0,7,6.0,1,195100
58,2076,5,3,2,1,52,22.2,Lakeside,1,0,10,2.7,0,357300
59,1748,4,2,1,1,33,1.2,Riverside,0,1,10,9.4,0,266700
60,2456,2,2,1,0,6,8.2,Old Town,0,0,5,1.2,0,263000
61,1597,3,2,2,3,2,1.6,Riverside,0,0,8,3.6,0,268900
62,751,1,1,1,1,54,0.5,Old Town,1,1,9,4.8,0,148700
63,1745,3,2,2,1,54,3.5,Riverside,1,1,3,3.7,0,250200
64,2735,5,3,2,0,34,4.1,Green Valley,0,1,6,5.6,0,397700
65,1589,2,1,2,0,14,19.2,Downtown,0,0,2,5.2,0,205300
66,1311,4,3,1,2,37,4.8,Riverside,0,1,5,2.9,1,231100
67,1144,3,3,2,2,39,3.1,Downtown,0,0,1,5.7,1,231100
68,1222,3,3,1,0,27,6.3,Green Valley,0,1,5,7.4,0,217400
69,1635,4,3,2,2,26,0.7,Hillcrest,0,1,7,3.1,0,282200
70,1151,3,2,2,2,14,1.2,Green Valley,1,1,5,8.1,0,265600
71,2624,3,3,2,1,38,20.5,Old Town,0,1,5,4.4,1,259700
72,1645,4,4,2,2,27,12.0,Hillcrest,0,1,5,6.3,0,243700
73,1860,2,2,2,1,42,25.5,Hillcrest,0,1,2,9.8,0,187200
74,2591,2,2,1,1,22,0.5,Downtown,0,1,4,6.6,0,393200
75,2627,3,2,3,3,57,20.1,Green Valley,0,0,7,7.6,0,319300
76,1683,3,3,1,3,42,14.3,Hillcrest,0,1,1,2.6,0,198400
77,1983,3,2,2,3,59,7.1,Hillcrest,1,1,10,1.0,0,316400
78,2204,3,3,2,1,50,27.5,Old Town,0,0,6,2.2,0,218400
79,1694,5,4,2,2,59,25.2,Downtown,0,1,4,7.0,1,259900
80,822,3,2,1,2,31,18.4,Riverside,0,1,6,5.5,0,160400
81,2160,3,3,2,2,16,0.5,Green Valley,1,1,8,6.5,0,384100
82,2292,4,2,1,2,49,6.3,Green Valley,0,0,10,6.6,1,317400
83,2029,4,3,1,2,32,23.6,Lakeside,0,0,3,1.5,0,303100
84,1292,4,4,1,3,55,2.9,Hillcrest,1,1,1,8.3,1,218300
85,1692,5,4,1,1,21,11.3,Old Town,0,1,5,1.4,0,210100
86,1475,2,2,2,1,23,7.6,Green Valley,0,1,8,8.2,0,262600
87,1635,3,3,2,1,12,7.5,Riverside,0,1,4,9.3,0,209100
88,2513,4,3,2,2,59,6.8,Hillcrest,0,0,9,1.1,0,326800
89,2641,6,5,1,2,39,1.3,Hillcrest,0,0,3,1.0,0,397000
90,2168,2,2,2,2,8,0.5,Riverside,0,0,8,9.3,1,338900
91,2102,4,4,2,1,21,2.0,Lakeside,1,1,2,7.3,0,413700
92,2172,2,1,3,1,6,13.7,Downtown,0,0,5,6.1,1,348500
93,1793,3,2,2,2,21,0.6,Green Valley,0,1,7,8.3,1,341700
94,1758,4,4,2,2,2,0.5,Lakeside,1,1,6,6.9,0,389800
95,1429,4,4,1,3,52,3.5,Old Town,0,1,6,9.1,1,214600
96,1769,2,2,2,0,15,8.9,Riverside,0,0,7,8.7,0,239200
97,3043,3,3,2,2,28,2.4,Riverside,0,0,3,6.3,0,408600
98,2278,5,5,3,2,52,10.2,Green Valley,0,1,8,9.4,0,341000
99,1612,3,2,3,2,53,12.5,Old Town,0,1,7,2.5,1,237600
100,1540,4,3,1,1,52,3.8,Downtown,0,0,4,5.3,1,258200
101,1325,3,3,2,2,44,13.0,Green Valley,0,1,10,5.4,0,233500
102,2006,3,2,2,2,14,3.4,Hillcrest,0,1,10,2.5,0,307700
103,2015,3,2,3,0,1,4.7,Riverside,1,1,3,5.6,0,292200
104,1006,2,1,1,2,40,22.7,Old Town,0,1,7,6.3,0,81300
105,2067,3,3,1,0,24,10.9,Hillcrest,1,0,1,3.4,0,264500
106,1487,3,2,2,2,3,12.7,Downtown,1,0,3,9.8,1,282600
107,2585,3,3,1,1,17,40.0,Green Valley,0,1,6,3.3,1,315700
108,1886,3,3,1,1,7,4.1,Green Valley,0,1,6,4.4,0,294700
109,2745,3,2,3,1,25,0.6,Lakeside,0,1,7,1.5,0,444900
110,1548,3,2,3,1,19,8.4,Hillcrest,0,0,1,1.9,0,207600
111,1642,5,3,2,0,36,3.9,Lakeside,0,0,3,6.2,0,302500
112,1965,5,3,2,2,43,17.5,Old Town,0,1,4,3.3,1,248300
113,2381,5,5,1,2,13,28.1,Green Valley,0,1,1,8.9,0,324200
114,2111,2,2,1,1,13,5.6,Downtown,0,0,5,3.2,1,364000
115,1122,4,4,1,3,29,33.1,Green Valley,0,1,6,2.5,0,187200
116,1901,4,2,2,0,8,4.6,Downtown,1,0,2,5.1,0,319300
117,1812,3,3,2,1,23,13.8,Lakeside,1,1,7,8.6,1,337200
118,1564,3,3,2,1,5,14.8,Lakeside,0,0,7,2.3,0,369700
119,1444,5,3,2,1,45,12.7,Riverside,0,0,7,7.6,0,210900
120,2761,4,2,2,2,15,6.2,Hillcrest,0,1,6,2.6,1,411000
121,1585,4,4,2,1,54,36.9,Hillcrest,0,0,7,4.4,1,164400
122,1335,2,1,1,1,45,8.2,Riverside,0,1,2,5.1,0,184900
123,2150,2,1,1,1,4,1.7,Riverside,0,1,4,9.8,0,256000
124,1872,4,4,1,2,16,1.3,Old Town,0,1,5,1.7,0,229900
125,1758,4,4,2,2,4,4.2,Lakeside,0,1,6,8.4,0,371900
126,2230,2,2,1,0,37,4.8,Hillcrest,0,0,5,2.7,0,262300
127,2069,1,1,2,3,26,10.9,Green Valley,0,0,8,9.5,0,272300
128,1999,2,2,2,0,4,14.2,Hillcrest,0,1,3,7.9,1,295000
129,2330,4,2,2,1,32,3.8,Downtown,1,0,9,4.9,0,411200
130,1956,3,2,2,1,2,8.0,Old Town,0,1,1,9.0,1,229300
131,1461,4,4,2,2,10,2.4,Downtown,0,0,9,3.7,0,317600
132,1601,2,1,1,2,21,1.4,Lakeside,0,0,7,4.5,0,295600
133,1513,4,3,2,2,14,6.7,Downtown,1,1,3,8.2,1,325300
134,1915,2,2,2,3,55,8.1,Lakeside,0,0,9,6.9,1,355600
135,1207,5,3,2,1,0,7.7,Lakeside,0,1,1,1.1,0,269400
136,792,3,2,2,2,17,0.5,Hillcrest,0,1,5,6.8,0,155500
137,1848,1,1,2,1,2,22.6,Lakeside,0,1,2,8.7,1,268800
138,1065,4,4,2,1,53,11.3,Lakeside,1,1,4,6.9,1,244800
139,726,3,3,2,2,23,20.0,Lakeside,0,0,10,6.0,1,212700
140,2005,3,3,3,3,40,40.0,Riverside,0,1,9,3.4,0,261100
141,1409,2,1,2,0,57,1.3,Downtown,0,0,9,4.0,0,220300
142,2073,2,2,3,2,55,7.7,Downtown,0,1,4,4.1,0,288300
143,1508,3,2,3,2,22,1.3,Lakeside,0,1,5,6.5,0,298800
144,1183,3,3,1,3,2,8.0,Lakeside,0,1,7,5.2,0,257100
145,1116,3,2,1,1,32,21.1,Green Valley,1,1,8,1.7,0,236400
146,1517,3,3,2,1,27,7.0,Lakeside,0,0,8,5.8,1,295500
147,1650,3,2,1,3,53,0.9,Riverside,0,1,6,9.9,1,243000
148,1347,1,1,2,2,58,9.5,Old Town,0,1,4,1.3,0,147500
149,1645,3,3,1,0,56,21.9,Old Town,0,0,3,2.7,0,140100
150,955,4,2,1,2,29,15.7,Lakeside,0,0,7,3.5,1,259900
151,1808,5,4,1,1,54,23.0,Riverside,0,1,5,2.1,0,291500
152,813,4,3,1,3,48,0.8,Riverside,0,0,8,3.2,0,174500
153,1693,2,2,1,1,48,18.4,Green Valley,0,0,9,6.0,1,206600
154,2184,3,3,1,2,58,3.9,Old Town,0,1,6,5.1,0,236100
155,2401,4,3,1,1,7,1.8,Green Valley,0,1,1,5.5,0,361300
156,2743,4,3,1,2,25,4.0,Downtown,0,1,2,9.7,0,388200
157,944,2,2,1,2,38,0.7,Old Town,1,1,9,4.3,0,181100
158,2217,1,1,2,1,53,2.8,Old Town,0,1,1,3.9,0,196500
159,2463,3,3,1,0,34,6.7,Old Town,0,1,10,3.0,0,311500
160,2339,3,2,2,1,11,0.5,Hillcrest,0,0,5,9.6,0,280800
161,1289,2,2,1,2,44,1.4,Lakeside,0,1,3,1.9,0,244200
162,2026,3,2,3,1,16,1.5,Lakeside,1,0,3,7.7,0,378000
163,2823,3,3,1,3,23,9.7,Green Valley,0,1,8,6.7,0,400300
164,976,4,2,2,2,45,13.4,Hillcrest,0,1,6,6.0,0,176400
165,2062,3,3,1,1,37,6.2,Old Town,0,1,6,2.7,0,224700
166,2412,4,4,3,0,11,18.1,Lakeside,0,1,3,2.0,0,383100
167,1417,4,4,1,1,40,1.0,Hillcrest,0,0,4,1.6,1,222700
168,2121,2,2,1,2,9,19.5,Old Town,1,1,8,2.7,0,257900
169,1211,5,5,1,1,23,13.3,Green Valley,1,0,6,6.4,0,274400
170,1353,2,1,1,2,55,1.3,Riverside,0,1,8,9.5,0,174600
171,1351,3,2,3,2,36,3.6,Green Valley,0,0,3,6.0,0,215400
172,1906,2,1,3,1,40,3.1,Hillcrest,1,0,8,7.3,1,277300
173,1750,3,2,1,0,13,2.9,Hillcrest,0,1,4,7.9,0,235600
174,2325,3,3,1,1,39,15.0,Old Town,0,1,9,6.1,1,275200
175,1283,4,4,2,1,39,1.9,Riverside,1,1,6,5.9,1,297700
176,1728,4,4,3,1,40,3.1,Lakeside,0,0,1,6.2,0,262900
177,2329,3,2,3,1,50,1.6,Riverside,0,1,6,2.2,0,326900
178,2108,3,2,2,2,28,7.7,Green Valley,0,0,6,7.9,0,271500
179,1071,5,4,2,3,18,6.5,Hillcrest,1,1,3,9.7,1,209500
180,2166,2,1,1,2,47,14.8,Downtown,0,1,3,4.7,1,314400
181,1537,3,3,1,2,59,12.9,Green Valley,1,1,3,3.5,1,284300
182,2012,4,4,1,1,45,20.2,Old Town,0,1,1,6.9,0,189000
183,1965,4,3,2,2,22,4.6,Hillcrest,0,1,10,2.3,1,330400
184,2471,2,2,2,2,40,2.7,Riverside,0,1,4,5.2,0,322700
185,1864,3,2,2,0,54,8.9,Old Town,1,0,6,6.0,0,187300
186,780,2,2,2,1,26,1.6,Green Valley,0,1,5,2.7,0,193800
187,1047,4,3,2,2,36,1.7,Riverside,1,0,1,9.2,0,187800
188,2202,4,3,1,2,0,13.7,Downtown,1,0,6,2.7,0,401200
189,1658,4,4,1,1,18,10.7,Riverside,0,1,4,8.3,0,241200
190,2426,3,2,2,0,6,1.2,Green Valley,1,0,5,7.5,0,378600
191,1950,1,1,2,2,54,1.1,Riverside,0,1,3,8.1,0,270500
192,1388,5,3,2,2,12,22.2,Riverside,0,1,2,3.5,1,261800
193,2395,2,1,3,0,13,22.3,Downtown,0,0,4,3.3,1,360500
194,1356,2,2,3,1,13,19.1,Green Valley,0,1,1,1.3,1,183800
195,671,1,1,2,1,35,11.7,Lakeside,0,0,2,3.0,1,143200
196,2935,3,3,1,1,4,3.7,Old Town,0,1,5,4.8,1,341000
197,749,4,3,2,2,27,9.5,Lakeside,0,0,2,4.4,0,196000
198,2150,5,3,2,1,38,0.9,Hillcrest,0,1,4,1.9,1,343300
199,2316,3,2,3,0,19,6.1,Riverside,0,1,2,9.5,0,271800
200,1881,2,2,2,1,57,3.0,Riverside,0,0,1,8.5,0,211200
201,874,5,5,2,1,56,8.7,Green Valley,0,0,7,6.9,1,189300
202,2358,2,1,3,3,21,0.7,Downtown,0,1,1,2.3,1,412500
203,1007,2,2,2,3,58,1.1,Hillcrest,0,0,4,7.1,0,116500
204,1061,2,2,2,1,58,1.2,Downtown,0,1,2,10.0,0,182100
205,1601,5,4,1,0,44,0.5,Green Valley,0,0,4,8.0,0,256600
206,2234,3,2,2,1,45,9.0,Downtown,0,0,7,3.1,1,353800
207,1965,4,3,1,2,1,40.0,Lakeside,0,1,2,5.9,0,341300
208,2246,3,2,1,3,7,16.7,Downtown,0,1,3,6.9,0,334500
209,1556,3,2,1,0,42,4.6,Lakeside,0,1,4,2.9,1,272400
210,1705,4,3,3,1,29,16.1,Hillcrest,0,0,3,4.8,0,221300
211,1175,2,1,1,3,12,5.2,Green Valley,0,1,7,9.7,0,210400
212,1626,3,2,1,1,39,5.1,Hillcrest,0,0,1,1.7,0,191400
213,2126,5,5,2,3,10,0.8,Lakeside,1,1,6,5.7,0,465100
214,1635,4,4,2,2,46,6.0,Hillcrest,0,1,9,6.7,1,284200
215,2062,3,3,1,1,35,9.1,Downtown,1,1,7,7.1,0,332700
216,1485,4,3,1,0,22,2.7,Old Town,1,1,4,7.4,0,207000
217,1474,4,3,1,2,50,0.5,Downtown,0,0,5,3.6,0,250100
218,1822,4,3,1,2,49,0.5,Hillcrest,0,1,7,5.7,0,266300
219,1693,3,2,1,3,11,26.8,Hillcrest,0,0,10,4.9,1,259900
220,2126,4,4,1,0,48,2.4,Green Valley,0,1,4,8.4,1,304700
221,1898,2,2,2,1,35,17.6,Riverside,0,0,1,9.1,0,190600
222,2757,3,3,2,2,48,3.9,Green Valley,0,1,9,5.0,0,398100
223,1679,5,4,2,1,25,3.1,Riverside,0,0,1,8.5,1,293100
224,1675,5,4,2,2,24,15.5,Lakeside,0,1,5,2.4,1,382400
225,1228,1,1,2,2,18,1.3,Hillcrest,0,0,9,6.3,0,196700
226,1813,3,3,1,2,42,5.9,Downtown,0,0,10,7.5,0,314100
227,2176,3,3,3,0,0,3.9,Downtown,0,1,9,4.9,0,411300
228,1393,3,3,1,3,40,28.3,Hillcrest,0,0,3,7.2,0,123200
229,1773,3,3,2,1,56,7.6,Old Town,0,0,4,7.7,0,168400
230,2195,3,2,1,2,57,10.2,Green Valley,1,0,5,8.2,0,289500
231,1730,3,3,2,1,42,0.7,Downtown,0,1,6,9.7,1,284900
232,1514,2,2,3,2,1,3.8,Green Valley,0,0,9,1.8,1,283000
233,2335,4,4,1,1,5,4.0,Downtown,1,0,4,8.5,0,408000
234,1853,1,1,2,2,57,0.5,Lakeside,0,1,1,2.2,1,292900
235,2018,5,3,1,1,55,12.3,Green Valley,1,1,3,3.6,1,314600
236,2444,2,2,2,1,0,22.5,Riverside,0,1,3,2.6,1,387400
237,2430,5,3,1,1,50,12.5,Riverside,0,1,5,7.1,0,295200
238,1609,4,2,2,1,1,9.9,Old Town,0,1,9,6.7,0,222200
239,1511,5,4,1,2,32,3.2,Green Valley,1,1,3,1.6,0,316600
240,1956,3,3,3,0,2,3.0,Green Valley,0,0,6,5.0,1,320400
241,1727,3,2,2,1,18,0.6,Hillcrest,0,0,7,6.3,0,252300
242,755,4,2,2,1,5,1.2,Green Valley,1,1,7,2.0,0,250900
243,2501,2,2,2,1,57,1.5,Downtown,0,0,9,6.8,0,365200
244,1811,3,3,1,3,35,6.7,Riverside,1,0,8,7.9,0,284700
245,2205,3,3,1,1,43,2.6,Green Valley,0,1,2,7.8,0,294600
246,1155,2,1,1,1,42,5.2,Green Valley,1,1,10,7.0,0,239400
247,2509,4,3,2,1,57,0.5,Riverside,0,0,9,4.7,0,363600
248,1476,3,3,2,2,58,13.0,Hillcrest,0,1,6,4.0,1,173300
249,1741,3,3,2,1,41,0.5,Riverside,0,1,2,4.0,1,252000
250,1029,4,3,2,1,7,9.8,Old Town,0,1,6,8.4,0,184300
251,1708,5,3,3,2,10,1.2,Old Town,1,0,8,4.2,0,289100
252,1674,2,1,1,3,24,2.1,Hillcrest,0,1,9,9.1,0,252400
253,1698,2,1,2,0,0,1.1,Lakeside,0,1,1,5.9,0,284700
254,2041,2,2,2,1,38,2.8,Green Valley,0,1,9,3.6,0,339900
255,1833,5,3,1,1,13,16.1,Lakeside,0,1,8,6.9,1,373300
256,2337,3,2,1,2,13,9.3,Green Valley,0,1,7,6.6,0,364300
257,1543,4,4,3,2,46,2.8,Riverside,0,1,8,3.1,0,315500
258,1252,2,2,1,2,20,17.5,Hillcrest,0,1,5,9.5,1,172500
259,1789,5,3,1,0,40,1.1,Old Town,0,1,8,4.4,1,208600
260,2146,2,2,1,1,9,2.9,Green Valley,0,0,9,7.6,0,322900
261,2485,4,2,1,1,45,3.8,Hillcrest,1,0,3,7.9,0,321500
262,2248,1,1,1,2,13,0.8,Hillcrest,1,0,8,6.9,0,262700
263,829,5,4,1,2,57,1.2,Riverside,0,1,3,9.1,0,167100
264,2007,3,3,2,2,8,1.6,Lakeside,1,1,5,7.4,0,399700
265,2603,4,4,2,1,54,14.1,Old Town,0,1,5,5.5,1,271200
266,1834,4,3,2,0,28,1.0,Riverside,0,1,3,2.2,0,279400
267,1516,2,1,2,1,43,20.5,Riverside,0,0,4,8.9,1,139700
268,1970,3,2,3,0,5,7.1,Green Valley,0,0,1,8.3,0,282700
269,1523,1,1,1,3,13,3.2,Lakeside,0,0,2,6.9,0,248000
270,2152,4,3,2,3,42,0.9,Lakeside,0,1,6,6.1,0,405000
271,1793,3,2,2,2,31,27.1,Green Valley,1,1,8,7.5,1,267600
272,2566,3,2,1,3,12,14.0,Lakeside,0,0,1,2.7,0,389800
273,2075,3,3,1,2,42,7.8,Old Town,0,0,4,8.5,0,196500
274,1402,3,3,1,1,20,24.9,Green Valley,0,1,1,5.2,1,214200
275,2133,2,2,1,2,22,2.4,Hillcrest,0,1,9,2.7,1,298600
276,2315,3,2,1,1,50,3.3,Riverside,0,0,7,1.1,0,259100
277,1487,4,4,1,3,20,1.7,Downtown,0,1,4,1.1,0,315200
278,1566,3,3,1,2,5,8.5,Green Valley,0,1,2,8.0,1,286800
279,532,6,6,1,2,38,0.5,Downtown,1,1,4,9.5,0,237600
280,2297,4,3,1,2,15,26.3,Riverside,0,0,7,2.2,0,292400
281,1477,4,2,2,2,59,1.3,Old Town,0,0,7,6.1,0,183300
282,633,2,1,1,2,22,7.6,Downtown,0,1,2,6.8,0,116000
283,827,3,2,1,1,0,4.0,Hillcrest,0,0,9,7.6,0,175600
284,1677,2,2,3,1,2,8.6,Green Valley,1,1,8,8.2,0,311400
285,2218,2,2,1,1,17,0.8,Old Town,1,0,9,9.7,0,264200
286,1751,3,2,3,1,10,1.6,Lakeside,1,1,6,4.2,0,367900
287,2059,3,3,2,1,14,0.5,Riverside,0,1,1,8.9,0,285800
288,1194,3,3,1,2,58,3.0,Hillcrest,0,1,8,6.0,0,187800
289,1062,3,2,1,2,32,6.9,Hillcrest,0,0,5,5.8,1,205000
290,2287,3,2,2,1,28,9.6,Lakeside,0,0,2,6.7,0,313800
291,2071,6,5,1,1,23,8.5,Green Valley,0,1,10,4.8,0,368300
292,1783,3,3,1,3,17,9.0,Downtown,0,1,7,8.7,0,311900
293,2505,5,4,2,2,55,2.2,Riverside,0,1,1,7.3,1,410300
294,1277,6,6,1,0,16,16.9,Riverside,0,0,10,6.6,0,230500
295,1569,4,4,1,1,48,5.2,Downtown,0,1,10,3.6,0,313300
296,2365,6,4,2,1,29,7.7,Old Town,0,0,4,1.5,0,263700
297,2811,6,6,1,1,14,1.6,Old Town,1,0,9,3.5,0,358600
298,1805,4,3,2,1,8,6.2,Hillcrest,0,0,5,2.8,0,278200
299,2724,4,2,2,3,4,0.5,Green Valley,0,1,2,2.1,0,446500
300,1469,2,2,1,1,26,0.5,Old Town,0,0,8,1.6,0,206500
301,1981,2,2,3,2,11,26.3,Riverside,0,1,1,9.4,1,279800
302,1704,2,2,1,1,17,5.1,Hillcrest,0,1,7,6.2,1,255700
303,926,2,2,2,0,59,14.2,Hillcrest,0,0,5,1.1,0,86900
304,1942,3,2,2,0,7,0.5,Riverside,1,0,7,4.1,0,325500
305,2313,3,2,1,3,37,6.8,Downtown,0,1,3,8.4,0,335300
306,1718,4,3,2,1,28,0.5,Lakeside,0,1,4,5.2,0,325200
307,1761,3,3,1,2,58,1.2,Hillcrest,0,1,2,6.6,1,221900
308,2566,4,2,1,2,52,1.7,Old Town,1,0,2,9.8,0,239000
309,1113,3,2,3,2,4,13.5,Riverside,0,1,6,6.3,1,244900
310,976,2,2,1,1,34,10.3,Riverside,0,0,2,1.9,0,128900
311,1440,4,4,1,1,9,0.7,Riverside,1,1,10,3.5,0,318100
312,1142,3,3,2,3,26,17.4,Hillcrest,0,1,10,5.6,1,230400
313,2540,3,3,1,2,29,2.9,Old Town,0,0,3,5.2,1,287900
314,1970,3,2,1,1,27,4.3,Hillcrest,0,1,4,3.7,1,279900
315,1325,4,3,1,2,47,1.5,Old Town,0,0,7,3.7,0,180600
316,1462,2,2,2,2,23,8.1,Old Town,1,0,3,5.4,1,189400
317,3374,2,1,2,1,13,1.5,Old Town,0,1,9,3.6,1,374000
318,1464,4,2,1,1,46,26.9,Old Town,0,1,8,4.5,0,156200
319,1381,3,3,2,2,5,1.3,Hillcrest,1,1,4,2.3,0,307800
320,1967,4,4,2,1,20,2.9,Old Town,0,1,8,7.0,1,284900
321,2151,2,2,1,1,11,0.7,Lakeside,0,0,2,6.9,0,337400
322,1922,4,2,3,2,49,0.5,Downtown,0,0,1,6.3,1,318100
323,1300,1,1,2,2,40,7.7,Hillcrest,0,0,3,9.1,0,150200
324,1162,5,3,2,2,23,6.5,Downtown,0,1,1,4.2,0,253100
325,2128,5,3,2,1,37,8.4,Old Town,0,1,8,9.4,1,269700
326,1770,4,2,3,2,44,4.9,Hillcrest,0,0,4,4.0,0,220000
327,897,3,2,1,1,4,0.5,Green Valley,0,0,9,9.6,0,217100
328,2444,4,4,2,0,40,9.2,Riverside,0,1,3,3.1,1,313700
329,2226,6,6,2,2,0,8.1,Downtown,0,0,4,1.5,1,467300
330,1667,4,4,1,0,22,6.9,Hillcrest,1,1,8,6.6,1,298200
331,1657,4,3,2,2,45,1.0,Riverside,0,1,4,4.6,0,262800
332,1927,1,1,3,1,51,2.0,Lakeside,0,0,10,3.1,0,270100
333,1422,1,1,2,2,32,6.9,Old Town,1,1,2,4.0,0,186700
334,1058,4,3,1,1,59,8.9,Green Valley,0,0,7,8.2,0,161800
335,1977,3,3,2,2,39,5.5,Downtown,0,1,5,5.2,1,370600
336,1009,3,2,1,2,44,4.4,Riverside,0,1,4,1.7,0,174300
337,2015,2,1,1,1,36,15.8,Lakeside,1,1,6,6.0,0,313100
338,1007,3,2,1,2,11,25.1,Hillcrest,1,1,6,7.6,1,155400
339,1745,5,4,2,3,44,2.5,Riverside,0,1,4,5.1,0,286300
340,1725,3,2,1,2,16,1.7,Lakeside,1,1,1,4.2,0,329400
341,2780,6,3,2,1,5,33.9,Lakeside,0,0,2,3.8,0,403200
342,1215,2,2,2,2,30,0.6,Hillcrest,1,0,6,5.8,1,224900
343,1022,3,3,3,1,3,0.5,Lakeside,0,1,9,3.4,0,248300
344,1445,4,3,1,0,23,7.1,Lakeside,0,1,3,8.1,1,286600
345,1182,4,3,3,1,38,9.0,Downtown,0,0,5,2.3,0,237400
346,1476,4,4,1,0,13,5.0,Green Valley,1,1,2,3.0,0,259800
347,2031,4,3,2,0,46,5.9,Old Town,0,0,7,8.7,1,236400
348,2225,4,4,2,1,18,2.2,Riverside,1,0,7,5.2,0,362400
349,2713,2,2,2,1,56,2.2,Old Town,0,0,7,9.3,1,273700
350,1395,2,2,1,2,15,7.3,Riverside,0,0,9,9.2,0,243800
351,3251,2,1,1,0,32,15.2,Riverside,0,1,5,5.0,0,381700
352,2890,2,2,2,1,35,0.7,Downtown,0,1,6,3.7,0,414700
353,1688,4,2,2,0,49,3.0,Downtown,1,1,1,5.9,0,270300
354,540,3,2,2,1,38,3.0,Downtown,0,0,8,5.7,0,145500
355,1754,4,2,1,2,28,2.2,Downtown,0,1,2,5.0,0,281300
356,1840,4,2,2,1,2,9.3,Lakeside,1,0,5,2.8,0,365300
357,535,3,3,2,2,27,1.7,Riverside,1,1,9,3.1,1,193100
358,1841,2,1,2,2,46,7.7,Hillcrest,0,0,7,8.3,0,242600
359,1690,5,3,1,0,31,7.3,Riverside,0,0,10,6.5,0,264600
360,1368,4,3,2,1,31,1.7,Green Valley,1,1,3,9.0,0,310400
361,2145,4,4,2,2,5,2.4,Green Valley,0,1,4,4.1,1,404300
362,2353,5,4,3,1,1,8.1,Hillcrest,0,0,10,4.4,0,371000
363,1533,3,2,1,1,39,6.8,Riverside,0,0,1,4.6,1,203400
364,1926,3,3,2,3,39,1.1,Old Town,0,1,6,5.7,0,269800
365,1440,3,2,2,1,48,2.7,Green Valley,0,1,7,4.4,0,240300
366,1367,3,3,2,3,47,3.1,Green Valley,0,1,6,4.8,0,277300
367,1844,3,2,1,2,48,6.9,Downtown,0,0,1,1.4,0,260300
368,2088,4,3,2,1,39,1.2,Hillcrest,0,1,3,4.1,0,291900
369,1490,4,3,2,0,13,6.0,Riverside,0,0,4,6.5,0,244700
370,582,2,2,2,1,16,4.9,Hillcrest,0,1,8,5.5,1,147200
371,2122,4,4,1,2,37,13.0,Hillcrest,0,1,4,6.5,1,301500
372,922,2,2,2,3,59,19.5,Old Town,0,1,9,6.0,0,107400
373,1867,2,2,1,2,12,7.8,Old Town,1,1,6,4.6,1,272300
374,2778,3,3,2,2,40,8.6,Lakeside,0,0,10,5.4,1,468700
375,1791,4,2,1,1,20,0.8,Old Town,0,0,1,7.2,1,253200
376,1146,3,2,1,2,7,3.5,Green Valley,0,0,1,7.9,0,187200
377,996,4,4,2,0,47,1.6,Riverside,1,1,8,3.9,1,243800
378,2444,4,4,2,2,37,0.5,Riverside,0,0,2,4.6,0,340200
379,1791,4,4,1,1,24,1.6,Lakeside,1,1,5,5.9,1,381300
380,2097,3,3,2,2,8,8.0,Old Town,0,0,6,10.0,0,240200
381,2309,6,6,1,0,59,23.4,Old Town,0,0,8,9.1,0,227400
382,1773,4,3,3,0,34,20.7,Riverside,0,0,2,9.0,1,241500
383,1630,2,1,2,2,25,4.8,Old Town,0,1,1,2.8,0,178000
384,1279,4,3,1,1,42,8.4,Riverside,0,0,7,5.0,0,238400
385,500,3,3,2,2,0,9.0,Lakeside,0,0,5,3.2,1,224600
386,965,4,4,2,3,28,11.6,Riverside,0,0,10,5.1,0,216900
387,1762,4,4,1,2,50,2.5,Green Valley,0,1,9,2.1,1,323200
388,1704,5,4,2,1,27,0.8,Riverside,0,1,10,7.3,1,338800
389,2022,5,3,1,1,25,5.9,Old Town,1,1,10,6.7,1,293600
390,1730,4,2,2,2,20,0.7,Lakeside,0,1,3,3.8,0,344200
391,1888,4,4,1,0,30,20.6,Downtown,0,1,1,1.4,1,274400
392,2233,2,1,2,3,43,1.4,Green Valley,0,1,1,4.3,0,299500
393,1313,4,3,1,2,55,5.0,Downtown,0,1,6,2.1,0,219900
394,1642,4,4,1,2,37,26.7,Riverside,0,0,7,5.4,0,205000
395,916,5,3,2,2,25,5.1,Lakeside,0,1,3,7.8,0,197900
396,2335,4,4,2,1,56,0.5,Riverside,1,1,8,4.2,0,345400
397,1821,4,3,1,2,17,9.0,Downtown,1,0,8,1.1,0,354800
398,2069,4,4,3,2,36,10.9,Green Valley,1,1,9,4.4,1,384400
399,2648,4,4,1,0,51,1.2,Green Valley,0,1,10,3.2,1,410800
400,2394,3,2,1,1,47,10.7,Lakeside,0,1,9,9.3,0,341800
401,1767,6,4,2,2,22,12.5,Riverside,1,0,8,3.7,0,298500
402,2233,3,2,2,2,42,1.4,Old Town,0,1,4,1.4,0,228000
403,1013,2,2,2,2,0,1.2,Lakeside,0,0,10,8.8,0,281900
404,2039,1,1,1,2,57,2.7,Riverside,0,0,7,7.3,1,262000
405,1876,3,2,2,0,1,5.8,Hillcrest,0,1,2,3.5,0,238600
406,910,3,2,2,3,7,14.1,Downtown,0,1,3,9.1,0,206800
407,2536,3,2,2,2,25,0.5,Green Valley,0,0,8,1.7,0,415100
408,1413,2,1,3,3,9,6.1,Downtown,0,1,2,2.5,1,313400
409,2176,3,3,1,3,35,0.6,Green Valley,1,0,6,8.3,0,348900
410,1569,5,4,1,0,5,7.8,Riverside,0,1,4,1.5,0,274900
411,2346,4,4,1,1,5,32.8,Green Valley,0,1,10,7.7,0,343500
412,2522,4,3,2,1,14,0.5,Riverside,0,0,3,7.9,1,396500
413,1343,3,3,1,2,22,19.4,Riverside,0,1,3,6.1,0,207000
414,958,5,4,3,2,23,7.8,Riverside,1,0,9,4.7,0,228600
415,1728,2,2,3,1,8,2.0,Lakeside,0,1,10,2.2,1,366600
416,2267,4,2,2,3,38,6.2,Green Valley,0,1,7,6.1,0,350200
417,1596,4,4,1,0,41,12.6,Lakeside,0,0,1,9.6,1,240200
418,1463,3,2,1,2,32,1.5,Green Valley,1,1,3,4.3,0,264000
419,2069,3,2,2,1,14,18.0,Hillcrest,1,1,7,2.6,0,317900
420,500,2,1,3,2,42,6.8,Old Town,0,0,3,5.9,0,86300
421,1434,1,1,1,1,3,3.5,Hillcrest,0,1,10,8.6,0,216100
422,1039,3,3,2,1,41,0.5,Riverside,0,0,10,2.6,0,223600
423,1962,3,2,2,2,58,0.5,Green Valley,1,0,7,2.9,1,349700
424,1395,3,3,1,1,7,0.5,Lakeside,0,0,4,3.1,1,292700
425,1187,3,3,1,1,59,4.7,Hillcrest,0,0,9,3.7,0,178400
426,1605,5,3,1,2,22,19.8,Old Town,0,1,3,4.9,0,197100
427,992,2,1,1,1,58,3.1,Green Valley,0,0,9,8.2,1,129700
428,1793,4,4,2,3,4,6.9,Old Town,0,1,2,5.0,0,269300
429,1425,3,3,2,1,17,9.9,Old Town,0,1,10,8.9,0,165300
430,1592,2,2,2,1,40,2.3,Riverside,0,0,3,7.0,0,227100
431,1406,5,5,2,1,33,11.7,Hillcrest,0,1,3,9.4,0,257000
432,2302,3,2,1,2,28,12.3,Downtown,0,1,6,7.2,1,360800
433,1740,2,1,1,2,20,11.1,Green Valley,0,1,3,6.4,0,257600
434,2088,5,4,1,1,43,11.0,Green Valley,0,0,7,9.2,1,314000
435,2064,3,2,1,1,49,8.7,Riverside,0,1,5,8.3,0,231100
436,1357,4,4,1,2,59,3.8,Riverside,0,0,6,2.7,0,189300
437,2113,4,4,2,0,27,0.5,Riverside,0,1,4,5.7,0,318900
438,1992,4,3,1,1,7,27.9,Lakeside,0,1,1,7.2,0,294700
439,1973,4,3,2,0,24,20.4,Downtown,1,1,4,6.1,1,302100
440,1581,4,3,1,1,41,0.5,Downtown,0,0,7,2.1,0,314300
441,1565,4,2,2,2,47,0.5,Lakeside,1,1,5,1.9,0,336400
442,2232,2,1,2,2,54,13.1,Old Town,0,0,7,4.6,0,222900
443,3000,3,3,2,3,5,2.3,Downtown,0,1,10,9.5,0,539900
444,1343,3,3,3,3,7,8.6,Hillcrest,1,0,5,3.4,1,278200
445,2094,2,1,1,0,35,6.7,Old Town,0,0,8,5.7,0,205100
446,1599,3,2,1,2,21,1.8,Riverside,0,1,3,7.4,1,241700
447,2232,4,4,1,1,38,9.8,Old Town,1,1,7,2.6,0,251600
448,2041,3,2,2,2,55,1.2,Hillcrest,0,0,5,6.4,1,312400
449,2383,3,3,1,3,2,0.5,Downtown,0,1,10,6.3,0,441200
450,500,3,3,3,2,31,1.6,Lakeside,0,1,10,1.5,0,213000
451,1469,3,2,2,2,9,2.2,Lakeside,0,1,10,4.3,0,326100
452,1256,4,3,1,2,30,4.6,Old Town,0,0,7,3.4,1,216500
453,1741,5,4,1,1,55,3.2,Downtown,0,0,1,3.5,1,284400
454,1402,3,2,2,1,42,1.4,Lakeside,0,0,6,3.1,0,286500
455,1447,3,2,2,3,16,22.3,Downtown,0,0,7,4.3,1,279400
456,2175,3,3,2,0,30,4.6,Downtown,1,0,3,2.0,0,366400
457,2846,5,5,3,1,19,9.4,Riverside,0,1,4,1.0,1,449100
458,500,5,3,2,3,58,1.1,Old Town,0,0,7,4.4,0,174500
459,1629,3,2,2,0,27,2.1,Lakeside,0,1,10,6.2,0,317900
460,1972,4,2,2,2,49,0.9,Hillcrest,0,1,1,6.7,0,216900
461,1803,3,3,1,3,53,5.1,Downtown,0,0,6,7.2,0,307800
462,1610,5,3,1,1,14,3.9,Riverside,0,1,4,7.3,0,269700
463,1056,4,3,2,1,19,7.2,Lakeside,0,0,6,1.8,0,257200
464,1282,5,3,2,0,49,2.4,Hillcrest,0,0,10,7.9,1,233500
465,2199,3,2,2,0,46,24.9,Hillcrest,0,1,6,4.9,0,251700
466,2392,3,3,2,3,55,27.7,Downtown,0,0,1,9.4,0,287700
467,1853,4,3,1,1,41,7.8,Green Valley,0,1,8,8.3,1,287900
468,1340,3,3,1,1,11,15.9,Hillcrest,0,1,6,7.7,1,255400
469,1853,4,3,1,0,38,5.8,Green Valley,0,0,7,7.8,0,275300
470,1668,3,3,3,2,39,9.4,Hillcrest,1,0,10,7.5,0,229200
471,2100,3,3,2,2,33,2.7,Green Valley,0,1,2,3.5,0,321900
472,1865,3,2,2,3,51,15.8,Old Town,0,0,7,8.4,0,169200
473,1458,5,4,3,1,15,1.3,Old Town,1,0,1,3.6,1,235300
474,1905,3,2,1,1,14,7.1,Hillcrest,0,0,6,5.1,0,257500
475,1151,2,2,1,0,16,1.1,Downtown,0,1,1,7.7,0,158700
476,2251,5,5,2,0,28,28.2,Riverside,1,0,6,6.7,1,326000
477,2450,2,2,1,1,47,15.7,Downtown,1,0,9,1.1,1,381200
478,1152,2,1,1,0,20,3.5,Hillcrest,0,1,5,4.7,0,172900
479,2032,3,3,2,3,14,0.5,Green Valley,0,1,8,2.1,0,369000
480,1255,4,3,2,1,52,3.9,Old Town,0,0,6,4.6,1,163500
481,2389,6,3,1,2,27,20.5,Downtown,1,0,4,6.8,0,374000
482,2297,2,2,1,1,17,2.7,Riverside,0,1,8,1.1,1,331000
483,1673,2,1,3,0,44,0.5,Riverside,1,1,2,5.1,0,231400
484,2347,6,6,2,1,58,0.6,Old Town,0,1,10,4.3,0,294100
485,1563,3,2,2,2,23,1.4,Downtown,0,1,6,7.4,0,258500
486,1446,5,3,2,2,56,0.5,Hillcrest,0,1,5,2.5,0,230800
487,1487,3,3,2,2,28,3.5,Old Town,1,1,3,3.4,1,243600
488,1723,3,3,1,2,16,7.6,Green Valley,0,1,2,2.0,0,272000
489,1622,5,3,2,1,34,0.5,Green Valley,1,0,5,6.2,0,307800
490,1885,2,1,2,1,3,2.7,Downtown,0,1,4,3.1,1,383700
491,1462,3,2,1,1,45,3.3,Hillcrest,0,1,7,4.3,0,200700
492,2221,3,3,2,2,40,0.5,Green Valley,1,1,1,4.5,0,360700
493,2362,3,3,1,3,45,14.5,Lakeside,0,0,3,9.7,0,305300
494,1527,2,2,3,0,8,8.0,Lakeside,0,1,8,3.5,1,326100
495,1015,3,3,1,2,45,4.3,Lakeside,0,1,2,5.8,0,191000
496,2198,2,2,2,1,48,3.8,Old Town,0,0,10,5.8,1,228600
497,2426,3,2,2,2,6,2.0,Old Town,0,1,6,9.1,1,311700
498,1710,4,4,2,1,12,5.6,Downtown,0,1,7,6.4,1,326400
499,1092,3,3,1,2,21,1.2,Riverside,0,1,2,6.4,1,189000
500,1947,2,2,3,1,51,8.1,Riverside,0,0,6,6.0,0,245800
501,2639,4,4,2,3,43,1.5,Downtown,0,1,10,1.5,0,478500
502,768,4,4,2,1,15,4.6,Downtown,1,1,10,5.4,0,269200
503,2063,2,1,1,2,37,6.7,Riverside,0,1,6,1.4,0,271600
504,1628,3,3,1,0,34,5.1,Lakeside,0,0,9,4.1,0,316100
505,1329,6,4,3,3,58,12.6,Hillcrest,0,1,8,9.5,0,215900
506,2074,4,3,1,1,23,4.1,Lakeside,0,0,3,7.8,0,332000
507,1086,3,3,1,2,50,23.4,Green Valley,0,0,9,5.0,1,168600
508,1963,3,2,1,1,28,3.7,Green Valley,0,0,6,1.8,0,320000
509,2522,2,1,1,3,21,8.4,Lakeside,0,1,6,8.9,0,391900
510,1897,1,1,2,3,3,1.2,Hillcrest,0,1,8,5.5,1,305600
511,1318,2,2,2,1,34,4.8,Hillcrest,0,0,6,3.2,0,220700
512,821,3,2,2,2,13,5.4,Downtown,0,0,9,9.7,0,211300
513,1095,3,2,3,1,14,5.4,Riverside,0,0,1,3.0,0,177200
514,787,2,2,2,3,26,4.4,Lakeside,0,1,9,3.4,0,227400
515,2680,3,2,3,0,19,1.5,Hillcrest,0,1,9,2.9,0,366200
516,1663,3,2,1,2,15,9.5,Riverside,0,0,1,7.8,0,265700
517,1225,4,4,2,1,0,1.4,Lakeside,1,1,5,1.8,0,329300
518,1086,5,4,2,1,58,19.5,Riverside,0,1,2,7.1,1,159400
519,1213,5,3,3,2,15,3.3,Downtown,1,1,8,3.7,0,338100
520,1615,3,2,1,0,29,2.1,Downtown,0,1,2,2.6,1,267200
521,1095,5,4,1,1,8,4.3,Downtown,0,0,9,2.4,1,273600
522,2722,4,4,1,3,5,6.7,Lakeside,0,0,10,9.8,1,524400
523,1389,2,1,1,2,58,1.5,Lakeside,1,1,1,1.8,1,231900
524,1370,2,1,1,1,37,37.6,Green Valley,0,1,6,6.0,0,143100
525,1969,4,4,2,0,1,13.8,Old Town,0,1,8,2.2,0,273300
526,2598,4,2,1,1,22,8.8,Lakeside,0,1,7,4.4,0,421200
527,2528,4,3,1,0,40,3.7,Green Valley,0,1,9,3.3,1,412400
528,1532,3,3,2,2,22,3.1,Downtown,1,0,6,8.0,0,274900
529,1940,4,2,1,2,16,0.5,Green Valley,0,1,8,7.4,1,370600
530,1882,4,3,3,1,41,29.0,Lakeside,0,0,9,2.4,1,328600
531,2091,4,3,1,0,8,1.5,Lakeside,0,1,8,1.7,0,410000
532,1941,2,2,1,2,5,2.6,Hillcrest,0,1,1,4.3,0,279500
533,1281,3,3,1,3,31,5.1,Downtown,0,0,5,4.6,1,292600
534,1107,3,3,1,1,26,20.5,Riverside,1,0,10,5.6,0,212300
535,1897,3,2,1,2,23,8.3,Lakeside,0,1,3,6.7,0,292800
536,1149,3,2,2,0,31,0.7,Green Valley,0,0,2,1.5,0,212800
537,2550,2,2,1,2,56,3.5,Downtown,0,1,6,4.9,0,365600
538,1822,4,4,1,2,41,13.7,Riverside,0,0,8,1.9,0,251800
539,1236,3,2,1,2,45,10.2,Hillcrest,0,1,7,3.9,0,193500
540,1623,5,3,1,2,5,2.2,Downtown,0,0,2,6.4,1,344200
541,1521,1,1,1,1,34,7.5,Hillcrest,0,1,7,10.0,1,171800
542,1728,2,2,2,0,1,7.7,Green Valley,0,1,4,3.3,1,291400
543,2320,2,1,1,1,45,3.3,Downtown,0,1,9,4.8,1,357300
544,1006,5,3,2,1,31,18.9,Old Town,0,1,5,1.1,0,136000
545,773,3,2,1,0,35,10.5,Riverside,0,1,7,5.1,0,101800
546,1986,4,3,2,2,27,15.0,Downtown,1,1,10,2.8,0,404900
547,1702,2,2,2,3,8,22.2,Lakeside,0,0,9,3.3,0,317200
548,1890,4,2,1,1,14,10.8,Green Valley,0,0,10,7.3,0,278800
549,2045,2,2,1,0,19,4.2,Green Valley,0,0,2,2.6,0,256800
550,1700,5,5,2,2,31,24.9,Hillcrest,0,0,6,2.5,0,262400
551,2240,3,2,3,1,46,10.1,Old Town,0,1,3,4.6,1,237900
552,1309,5,4,2,2,0,11.4,Hillcrest,1,1,4,1.2,0,275200
553,1835,4,4,2,3,30,8.0,Riverside,0,1,6,7.5,0,288900
554,1343,4,3,2,2,14,2.2,Hillcrest,1,1,2,4.1,1,272700
555,1179,2,2,1,2,12,5.9,Downtown,0,1,6,9.7,1,257400
556,2138,4,4,1,2,55,1.0,Riverside,0,1,9,8.5,0,346300
557,2113,4,2,2,2,14,21.7,Old Town,0,0,3,4.5,1,228100
558,732,4,2,2,3,35,3.0,Old Town,0,1,8,6.8,0,131400
559,1183,4,4,2,1,40,0.5,Riverside,0,1,1,8.5,0,204600
560,1961,5,3,2,3,9,1.7,Riverside,0,1,9,6.8,0,387100
561,2389,4,2,2,2,31,2.1,Lakeside,0,1,1,6.3,1,422600
562,1434,4,2,2,2,45,1.2,Riverside,0,0,8,8.5,0,243400
563,1699,3,3,3,1,12,1.8,Riverside,0,0,4,1.1,0,318100
564,1023,3,2,2,2,27,1.7,Hillcrest,1,1,7,7.8,0,206100
565,3181,4,3,2,3,56,7.1,Old Town,0,0,10,1.7,0,338100
566,2061,4,4,2,0,41,2.1,Hillcrest,1,0,4,4.8,0,321700
567,2292,4,2,2,2,2,9.7,Hillcrest,1,0,8,2.0,0,361900
568,2162,2,1,2,2,34,0.9,Hillcrest,0,1,2,6.2,1,301600
569,2313,3,3,2,1,2,30.9,Green Valley,0,1,5,2.2,0,327800
570,2134,4,3,2,2,0,4.8,Riverside,0,0,1,5.8,0,323400
571,1616,3,2,2,3,57,2.0,Hillcrest,0,1,7,1.9,0,262100
572,2209,5,4,2,2,39,7.6,Hillcrest,1,1,1,2.8,0,353900
573,1844,6,6,1,3,25,16.4,Lakeside,0,1,4,4.0,1,412700
574,2513,5,3,1,1,53,1.5,Green Valley,0,1,8,3.8,1,380000
575,1395,4,2,2,0,18,2.1,Old Town,1,1,9,5.8,1,246000
576,1502,4,2,1,2,11,1.9,Old Town,1,0,3,5.7,0,227000
577,2164,4,3,2,2,19,13.7,Old Town,0,0,9,8.1,0,238900
578,2504,2,2,1,2,33,7.1,Downtown,0,1,3,4.2,0,346000
579,1880,3,3,2,2,22,14.2,Green Valley,0,0,8,2.5,1,338900
580,1408,1,1,3,0,23,11.3,Downtown,0,0,4,9.7,0,219600
581,1735,4,2,3,0,10,0.5,Green Valley,0,1,3,3.1,0,285800
582,1526,5,4,1,1,8,13.4,Riverside,1,1,3,3.7,0,282200
583,2843,1,1,2,1,11,40.0,Hillcrest,0,0,6,2.0,1,297300
584,2294,2,1,2,3,44,1.5,Riverside,0,1,5,6.6,0,288700
585,2495,2,1,1,2,40,9.7,Hillcrest,0,0,2,8.8,0,288000
586,1966,4,4,1,3,8,6.1,Riverside,0,0,4,3.8,0,317600
587,1495,3,3,2,2,12,1.3,Riverside,0,1,9,4.3,0,274700
588,2445,2,1,1,1,16,1.1,Riverside,0,1,6,9.9,1,329100
589,2710,3,3,2,1,18,19.3,Green Valley,0,1,2,4.0,0,333400
590,2120,3,2,3,1,19,5.8,Old Town,0,0,3,9.5,0,251200
591,1787,3,2,2,0,12,5.6,Lakeside,0,1,6,5.6,1,307900
592,2395,3,3,2,1,23,6.0,Green Valley,0,1,8,6.1,0,346500
593,1596,4,3,1,3,44,1.5,Old Town,0,0,5,3.5,1,199500
594,2220,2,2,1,3,29,0.6,Old Town,0,0,1,9.2,0,233300
595,1409,3,2,2,2,35,2.1,Lakeside,0,1,10,7.7,0,299800
596,1266,1,1,2,0,41,5.5,Hillcrest,0,1,4,5.8,0,148700
597,2112,6,3,1,1,7,6.7,Riverside,0,0,10,7.1,1,380000
598,1986,2,2,2,2,38,4.7,Green Valley,1,1,5,1.9,1,329800
599,2847,3,2,2,1,41,0.8,Hillcrest,1,0,9,1.9,1,393100
600,1646,6,5,2,1,16,5.9,Green Valley,0,1,6,5.7,0,312300
601,1813,3,3,2,2,25,1.6,Green Valley,0,0,8,8.5,0,289800
602,1173,3,2,2,1,28,3.6,Old Town,0,0,8,4.8,0,185700
603,772,4,4,3,2,8,0.5,Old Town,0,1,3,7.9,0,193000
604,821,3,3,2,1,34,5.3,Downtown,0,1,10,9.9,0,184200
605,2055,3,3,2,2,9,11.2,Lakeside,0,1,10,5.9,0,374300
606,1153,4,3,1,2,36,7.3,Green Valley,0,0,4,5.6,0,201200
607,2420,4,3,2,2,44,6.2,Riverside,0,0,2,9.8,0,300700
608,2582,4,4,2,0,29,28.4,Hillcrest,0,0,2,2.0,0,309700
609,1643,2,2,1,2,20,13.5,Green Valley,0,1,3,9.1,1,274000
610,2712,4,3,2,1,53,5.6,Downtown,0,1,6,6.2,0,406900
611,1925,5,5,2,1,58,3.4,Downtown,0,0,9,3.5,1,356000
612,2419,2,2,1,2,58,2.8,Old Town,0,1,4,7.7,1,224400
613,1676,4,3,2,0,50,1.8,Old Town,0,0,5,6.2,0,204300
614,2328,3,3,1,0,54,3.6,Hillcrest,1,0,1,8.3,0,270600
615,1281,4,2,2,1,31,2.0,Hillcrest,0,0,9,3.0,1,237100
616,2142,2,1,2,3,47,15.6,Hillcrest,0,0,10,5.9,0,273600
617,1547,2,1,1,0,46,9.2,Old Town,0,0,1,7.8,0,145800
618,1728,3,2,1,2,24,1.6,Hillcrest,1,0,4,3.6,0,225700
619,2147,4,4,1,2,47,19.1,Riverside,0,1,8,4.0,0,308600
620,1895,3,2,1,2,41,1.4,Hillcrest,1,1,10,7.3,0,300900
621,1759,3,3,1,2,24,27.4,Riverside,0,0,2,1.9,0,240500
622,2200,4,2,1,1,22,4.0,Old Town,0,1,2,6.9,0,238700
623,2242,2,1,1,1,15,0.5,Green Valley,0,1,2,3.0,0,346100
624,1038,3,2,1,2,13,5.4,Downtown,0,1,3,6.6,0,208900
625,2107,3,3,1,1,59,8.2,Green Valley,0,0,2,2.7,1,262100
626,2169,3,3,2,0,25,1.5,Lakeside,0,1,10,3.1,0,384300
627,1387,4,2,2,2,17,10.5,Green Valley,0,1,8,7.8,0,265100
628,2012,4,3,1,0,56,2.7,Green Valley,0,0,9,4.8,1,318800
629,1072,2,1,2,1,26,4.4,Lakeside,0,1,6,7.9,0,189800
630,2592,2,1,1,0,20,34.4,Riverside,0,0,10,5.5,0,287500
631,1669,4,3,2,0,34,9.6,Green Valley,1,0,2,4.4,0,214700
632,1757,3,2,2,1,35,4.1,Lakeside,0,0,6,2.4,1,359800
633,2459,2,2,3,2,49,19.3,Lakeside,0,1,7,8.1,0,335200
634,1721,2,2,1,2,23,2.8,Downtown,1,1,1,7.8,1,290100
635,2129,3,2,1,2,16,12.3,Riverside,0,0,9,6.5,0,334700
636,1224,4,4,2,2,46,3.4,Riverside,0,0,10,9.0,1,239300
637,1487,2,1,1,2,14,14.6,Green Valley,0,1,3,7.7,0,205600
638,1034,6,3,1,0,3,8.2,Downtown,0,0,4,5.6,0,262100
639,1685,1,1,2,0,2,4.7,Lakeside,0,1,3,8.9,0,280300
640,2367,4,4,3,1,35,19.8,Lakeside,0,1,5,4.8,0,379700
641,1923,4,4,2,1,4,6.2,Green Valley,0,0,2,9.2,0,306800
642,2286,3,2,2,1,26,0.7,Old Town,0,0,9,2.2,0,252900
643,1236,3,2,1,1,22,2.7,Old Town,1,1,6,1.3,0,189400
644,1314,3,3,2,2,25,1.0,Old Town,1,0,1,6.4,0,220100
645,1544,3,2,3,2,50,7.2,Hillcrest,0,1,3,2.4,0,210500
646,2115,5,4,1,1,26,8.8,Old Town,0,1,4,9.6,0,210200
647,1996,3,3,1,2,39,17.2,Downtown,0,1,4,9.5,0,239800
648,1792,3,2,1,1,32,9.5,Hillcrest,0,0,2,4.8,0,215500
649,2142,3,2,2,2,40,7.6,Green Valley,0,1,6,1.5,1,319100
650,1717,6,3,3,1,4,16.9,Hillcrest,0,1,8,9.8,0,285300
651,1788,3,2,3,2,29,15.2,Old Town,0,1,3,4.7,0,183300
652,2518,2,2,1,1,13,1.2,Hillcrest,0,0,8,5.5,0,366800
653,1478,5,4,1,0,12,40.0,Riverside,1,1,1,4.1,1,199000
654,1900,2,1,2,0,41,5.5,Old Town,1,1,10,3.7,0,253400
655,2687,4,3,1,0,28,8.4,Downtown,0,1,2,3.6,0,419600
656,1856,4,4,3,2,50,6.2,Riverside,0,0,8,3.9,0,293900
657,2189,5,5,1,2,3,6.3,Hillcrest,0,1,10,7.1,0,360900
658,1466,3,2,1,2,50,1.1,Green Valley,0,0,9,4.2,0,204700
659,2876,5,3,1,0,52,7.5,Hillcrest,1,1,1,7.7,0,337400
660,563,2,2,3,0,41,5.2,Old Town,0,1,4,7.4,0,74800
661,1176,4,4,1,1,32,13.3,Downtown,0,0,4,8.3,0,187900
662,1220,3,3,3,0,8,0.5,Downtown,0,1,3,1.9,0,256500
663,2691,3,2,1,2,57,12.6,Riverside,0,1,7,9.2,0,297000
664,1994,4,3,2,3,39,4.2,Hillcrest,0,1,5,8.5,0,278000
665,1656,4,3,1,2,58,11.4,Lakeside,0,1,3,3.9,1,283300
666,1095,3,2,3,2,37,13.5,Green Valley,0,0,2,2.2,0,169200
667,2000,3,2,3,1,3,8.1,Green Valley,0,0,5,9.1,0,326400
668,1863,4,3,3,1,7,13.2,Old Town,0,1,6,5.5,0,274800
669,1419,3,2,1,2,50,9.3,Green Valley,1,0,9,4.9,1,247300
670,980,2,1,1,1,10,5.2,Riverside,0,1,7,9.3,0,178600
671,1193,3,2,3,2,24,3.4,Lakeside,0,0,10,4.5,0,293300
672,1917,4,4,2,3,22,4.2,Lakeside,0,1,7,8.7,0,387100
673,1971,2,1,1,0,42,21.4,Green Valley,0,0,6,9.3,0,207200
674,1840,3,2,2,1,14,2.0,Old Town,0,1,4,7.7,0,218500
675,1717,4,3,3,3,2,12.6,Lakeside,1,0,2,2.1,0,367100
676,827,4,2,1,3,42,2.3,Riverside,0,0,9,9.2,0,176000
677,1827,3,2,2,0,41,8.5,Hillcrest,0,0,5,3.9,0,208400
678,1232,2,2,1,0,4,0.6,Riverside,0,1,5,3.4,0,212100
679,1823,1,1,1,3,53,9.7,Lakeside,0,0,1,6.8,0,198800
680,2056,3,2,2,2,2,11.5,Lakeside,0,1,2,5.4,0,388800
681,1428,4,2,1,2,38,12.9,Old Town,0,0,6,7.4,0,173400
682,1237,3,2,2,2,41,7.9,Green Valley,0,0,10,9.9,0,228600
683,2346,5,3,1,0,33,15.0,Green Valley,0,0,2,10.0,0,274400
684,1993,4,3,2,3,47,6.4,Downtown,1,0,8,5.2,0,362700
685,1450,3,3,1,2,15,1.1,Riverside,0,0,4,6.8,1,262500
686,500,4,4,2,2,15,0.5,Downtown,0,1,9,8.2,1,228500
687,1773,3,3,1,1,45,11.0,Riverside,0,1,6,5.6,1,262300
688,2146,5,4,1,2,58,6.4,Old Town,0,1,10,8.7,1,278700
689,2417,3,2,1,2,1,2.1,Riverside,0,1,5,4.5,1,390200
690,1427,1,1,2,2,21,22.2,Hillcrest,0,1,7,7.6,1,192000
691,1446,6,4,1,2,21,6.6,Downtown,0,1,3,1.6,0,293100
692,1556,3,3,1,2,2,14.5,Riverside,0,1,4,9.6,1,255700
693,2261,5,4,3,1,13,8.6,Lakeside,0,1,7,3.8,0,437800
694,1154,2,2,1,2,48,9.5,Downtown,1,0,8,5.0,1,226400
695,1738,2,2,1,2,6,8.8,Old Town,0,1,8,6.9,0,245600
696,1291,3,2,2,0,41,14.0,Lakeside,1,0,5,3.4,0,209900
697,1948,5,5,1,1,44,3.8,Riverside,0,1,5,1.2,0,315100
698,945,2,2,2,1,9,1.2,Hillcrest,0,0,9,2.4,0,197500
699,2007,3,2,2,0,20,9.1,Downtown,1,1,8,8.5,0,341500
700,1527,4,4,2,2,3,8.0,Downtown,0,0,4,6.8,0,311500
701,1677,3,3,2,1,14,26.0,Hillcrest,0,1,4,9.8,0,164100
702,2089,3,2,1,2,53,2.8,Old Town,0,1,2,9.5,0,202600
703,2429,5,3,2,1,21,3.6,Hillcrest,1,0,4,6.4,1,356900
704,867,3,3,1,2,55,2.3,Downtown,0,0,4,5.1,0,171400
705,2352,4,4,2,2,27,4.3,Old Town,0,1,3,6.2,1,313100
706,2107,4,3,2,1,24,3.7,Old Town,1,1,1,9.4,0,252200
707,1638,5,5,1,1,19,2.8,Old Town,0,1,1,4.1,0,234100
708,2572,3,2,1,1,48,15.5,Old Town,1,1,10,4.2,1,302200
709,1904,3,3,1,2,29,10.3,Riverside,0,0,7,6.9,1,279000
710,2511,2,1,1,2,33,7.2,Green Valley,0,0,8,5.9,0,342800
711,1474,3,2,2,1,33,0.5,Downtown,0,0,3,6.6,0,241900
712,1323,4,3,1,1,58,2.7,Lakeside,0,1,8,6.0,0,271700
713,2474,5,3,2,2,56,6.4,Lakeside,0,0,6,6.6,0,391900
714,2990,3,2,3,0,37,2.1,Old Town,0,1,3,1.4,1,337200
715,2149,4,2,3,3,34,14.5,Green Valley,0,0,9,6.2,0,344900
716,2290,3,2,2,3,54,11.7,Green Valley,0,1,9,8.4,1,320100
717,1539,4,4,1,2,44,8.8,Hillcrest,0,0,5,8.7,0,225100
718,1071,3,2,1,2,13,8.4,Downtown,0,1,10,5.7,0,233000
719,1676,3,2,1,0,54,2.1,Hillcrest,0,0,2,2.8,0,194100
720,2625,2,1,1,0,6,11.8,Old Town,1,1,5,9.0,1,324000
721,777,3,2,2,0,56,6.8,Riverside,0,1,6,3.1,1,146500
722,1528,2,1,1,1,1,6.3,Hillcrest,0,1,6,3.9,1,266400
723,747,5,3,1,2,35,6.3,Downtown,0,0,3,3.4,0,182100
724,1860,2,1,2,2,38,0.8,Green Valley,1,0,4,9.7,0,237200
725,2281,4,3,1,1,32,3.9,Hillcrest,0,1,3,8.2,0,314600
726,1116,3,2,2,2,25,23.2,Riverside,0,1,2,7.8,0,188200
727,1575,3,2,1,1,55,18.8,Riverside,0,0,7,2.0,0,198900
728,2529,5,3,2,3,10,1.1,Green Valley,0,0,5,4.0,0,440100
729,1751,4,4,1,0,18,14.4,Downtown,0,1,7,4.9,0,309000
730,1118,4,3,2,0,25,12.7,Hillcrest,0,1,9,8.5,0,171100
731,1076,2,2,1,0,19,5.1,Riverside,0,0,9,1.1,0,178700
732,692,3,3,3,1,0,13.8,Hillcrest,0,0,3,6.8,0,186500
733,2225,4,3,1,0,2,8.7,Old Town,0,0,4,3.6,0,254800
734,1390,2,2,1,1,22,5.6,Green Valley,0,1,10,4.3,0,192400
735,2378,4,3,3,0,49,4.7,Downtown,0,1,5,9.3,0,376100
736,2277,4,4,1,2,18,13.7,Green Valley,0,0,2,2.6,0,313000
737,1437,5,5,2,1,10,6.6,Downtown,0,0,4,7.4,0,318000
738,1510,3,2,1,1,13,1.0,Green Valley,1,0,5,2.9,0,296500
739,2228,1,1,3,1,32,5.3,Old Town,1,1,7,2.3,1,284900
740,1882,2,1,2,3,30,22.0,Green Valley,0,1,6,5.7,0,240400
741,1947,4,2,2,3,26,3.1,Downtown,0,1,1,8.7,0,328900
742,894,2,1,2,1,7,2.8,Riverside,1,1,6,4.7,0,205000
743,2294,4,3,1,1,36,12.0,Hillcrest,1,0,8,2.2,0,317300
744,1319,4,3,2,3,12,24.0,Old Town,0,0,7,8.3,0,159900
745,552,3,2,1,1,56,40.0,Downtown,0,0,1,3.7,0,45000
746,1461,4,2,2,2,20,0.5,Downtown,0,1,7,7.9,0,295900
747,2032,2,2,2,2,31,1.2,Lakeside,0,1,8,8.7,1,317400
748,2953,4,2,1,0,55,17.5,Hillcrest,0,1,3,8.2,0,321400
749,1595,3,3,1,1,41,8.6,Lakeside,0,1,5,3.5,0,272900
750,1069,5,5,1,0,17,0.5,Old Town,0,1,7,3.5,0,170500
751,2968,3,2,1,0,41,13.0,Hillcrest,1,1,10,6.2,0,383500
752,1888,2,2,2,2,24,7.4,Green Valley,0,0,10,9.6,1,323600
753,1656,3,3,1,0,57,1.6,Hillcrest,1,1,1,3.9,0,229000
754,1208,3,3,1,1,36,2.2,Old Town,0,1,2,2.1,1,169700
755,1248,2,2,2,2,20,4.0,Green Valley,1,1,9,1.4,1,289900
756,2613,5,5,1,2,55,3.0,Riverside,0,0,4,8.9,0,359500
757,1651,4,3,1,2,16,0.8,Riverside,1,1,1,8.4,1,300900
758,1504,3,2,1,2,22,2.0,Lakeside,0,1,5,8.8,0,278700
759,1520,4,2,2,2,39,26.4,Hillcrest,0,0,5,6.8,0,222100
760,2662,6,4,3,1,48,3.4,Downtown,0,0,9,6.0,0,479800
761,1476,4,4,2,1,54,1.4,Hillcrest,0,1,10,9.2,0,229500
762,2145,3,3,2,2,39,21.4,Green Valley,0,1,9,2.4,0,305000
763,1946,4,2,3,2,26,0.5,Lakeside,1,0,4,1.4,1,396100
764,1932,4,3,2,3,12,30.1,Hillcrest,0,0,8,4.6,0,279100
765,1318,4,2,1,1,15,1.7,Riverside,0,0,5,5.1,1,250400
766,2162,2,2,2,1,50,4.6,Green Valley,0,0,7,4.5,1,320500
767,2685,1,1,1,2,55,18.0,Green Valley,0,1,8,2.3,0,321200
768,1771,3,2,1,2,19,11.2,Downtown,0,1,10,7.1,0,329000
769,1294,3,2,1,1,44,6.0,Riverside,0,1,3,5.8,0,167300
770,1090,4,4,1,2,11,5.5,Old Town,0,0,4,3.3,1,190200
771,1905,2,2,2,0,57,5.0,Hillcrest,0,0,9,6.7,0,244700
772,1650,4,3,1,0,15,4.6,Green Valley,0,1,6,2.6,1,309200
773,1743,2,2,2,2,58,19.5,Riverside,0,0,4,7.9,0,175000
774,1807,3,3,1,0,40,0.9,Downtown,0,1,3,4.1,0,275900
775,988,3,2,3,3,41,1.7,Hillcrest,0,1,10,2.4,0,180200
776,2230,5,3,3,1,44,1.7,Riverside,0,0,4,4.6,0,332600
777,1929,5,5,2,2,39,8.1,Hillcrest,0,0,4,9.0,1,295000
778,1759,1,1,3,1,41,1.0,Green Valley,1,0,3,7.3,0,259400
779,1928,2,2,1,2,5,8.3,Old Town,0,0,8,1.4,1,272700
780,2309,3,2,1,0,24,12.3,Old Town,0,1,4,4.9,1,252800
781,1829,3,3,1,2,19,11.0,Lakeside,1,1,8,9.4,0,359900
782,1332,5,3,2,1,6,6.3,Lakeside,0,1,8,5.8,0,311600
783,2441,4,3,1,1,21,5.1,Downtown,1,1,10,1.3,0,442500
784,1562,3,2,2,3,16,1.8,Riverside,0,0,2,5.4,1,295400
785,1401,4,2,2,1,49,0.5,Riverside,0,0,8,7.6,0,230500
786,941,4,2,1,0,26,15.9,Green Valley,0,1,1,7.1,1,169800
787,1804,5,3,1,1,28,0.6,Old Town,0,1,9,6.8,0,244300
788,1224,5,5,2,2,54,1.2,Old Town,0,1,5,8.6,0,162200
789,1514,3,3,2,2,15,0.5,Old Town,0,0,7,2.0,0,254300
790,2047,4,2,1,2,5,10.4,Green Valley,0,1,3,5.9,0,321400
791,1818,6,4,2,2,9,0.5,Old Town,1,0,7,8.1,0,304400
792,2359,3,2,2,0,41,2.7,Hillcrest,0,1,9,6.8,0,267200
793,1968,4,4,3,2,36,1.8,Riverside,0,1,8,8.7,0,304700
794,1578,3,3,2,1,33,3.4,Lakeside,0,1,10,4.4,1,342100
795,1619,3,2,1,3,34,4.1,Downtown,0,1,3,3.0,0,291000
796,1521,2,2,3,1,15,1.2,Riverside,0,0,9,7.3,0,244400
797,2156,2,1,2,2,28,14.7,Downtown,0,1,4,5.1,1,321500
798,1812,3,2,3,3,5,12.1,Old Town,0,0,5,3.7,0,218000
799,1574,3,2,1,2,14,4.1,Hillcrest,0,0,4,3.6,0,230500
800,2265,3,3,1,2,47,6.1,Old Town,0,0,8,8.1,0,250500
801,1853,4,4,3,1,3,2.5,Green Valley,0,1,7,8.3,0,333500
802,1544,4,4,1,2,41,3.1,Riverside,1,0,4,2.2,0,258300
803,968,4,4,1,1,57,25.6,Riverside,1,1,10,5.4,0,194400
804,2041,4,3,3,1,2,9.6,Old Town,0,1,4,5.6,0,265300
805,1931,3,3,3,1,58,15.1,Downtown,0,1,6,5.3,0,265000
806,1828,4,4,2,1,37,3.6,Old Town,0,0,5,8.2,1,275300
807,1561,4,3,2,1,53,0.5,Old Town,1,1,1,2.3,1,220800
808,1342,4,3,2,1,14,0.6,Hillcrest,0,1,6,1.6,0,244800
809,1675,3,3,2,3,43,8.0,Hillcrest,0,1,5,2.0,0,270500
810,1927,5,3,1,2,32,0.5,Green Valley,0,1,4,9.7,0,292300
811,1730,2,2,1,1,43,12.4,Green Valley,0,1,1,9.9,0,192100
812,1720,1,1,2,2,9,14.1,Old Town,0,1,9,2.8,1,234900
813,1543,4,3,2,2,59,12.7,Hillcrest,0,1,4,3.9,1,205900
814,1986,2,2,1,0,28,4.5,Downtown,1,0,5,8.1,0,297100
815,1928,4,3,1,1,28,12.0,Hillcrest,0,0,1,4.3,0,240100
816,1386,3,3,1,0,22,9.8,Lakeside,0,0,7,6.4,0,241700
817,2218,3,2,1,2,41,13.6,Downtown,0,1,6,5.8,1,338100
818,2235,5,3,1,0,46,16.3,Riverside,0,0,4,4.0,1,295200
819,2247,4,3,1,1,25,3.3,Hillcrest,0,1,5,2.3,0,323000
820,1728,2,2,1,2,34,4.6,Hillcrest,0,0,4,9.1,1,239300
821,1693,5,3,3,1,14,3.3,Lakeside,0,1,9,5.3,1,394300
822,1162,2,1,3,1,52,3.9,Downtown,1,1,6,7.7,0,212300
823,2215,4,4,1,3,48,32.5,Hillcrest,0,1,6,1.4,0,289300
824,625,5,4,1,2,32,0.7,Lakeside,1,1,2,3.3,0,205900
825,1585,4,2,1,1,13,1.8,Hillcrest,0,1,4,9.8,1,271500
826,1613,3,2,1,3,43,5.4,Lakeside,0,1,1,4.1,1,245600
827,2271,5,3,2,3,1,1.5,Hillcrest,0,1,6,7.3,0,390600
828,1800,4,3,1,1,50,3.1,Hillcrest,1,1,5,1.7,1,275000
829,1270,2,2,3,2,24,0.5,Lakeside,0,1,2,5.2,0,274500
830,1015,5,5,2,2,30,5.7,Riverside,0,1,8,7.6,1,281600
831,1399,3,2,1,2,32,8.2,Riverside,0,0,5,3.2,1,237600
832,1859,3,2,2,2,43,10.0,Old Town,0,1,7,9.8,0,179400
833,1830,3,3,2,1,31,0.7,Hillcrest,0,1,2,5.0,0,265200
834,1691,2,2,2,2,48,24.4,Green Valley,0,1,7,7.1,1,169500
835,1424,4,4,1,1,31,32.0,Green Valley,0,1,4,7.9,1,179900
836,1684,3,2,3,2,28,2.4,Downtown,0,0,10,6.1,0,312000
837,2349,2,2,2,0,50,1.3,Downtown,0,1,3,6.6,0,324700
838,1195,3,2,1,2,25,23.5,Green Valley,0,1,7,8.7,1,224300
839,1819,3,2,2,1,40,5.8,Old Town,0,1,9,1.6,1,268200
840,2690,5,5,1,2,17,11.8,Old Town,1,1,6,1.5,0,348700
841,2105,2,2,1,0,5,7.1,Old Town,0,0,1,6.7,1,227100
842,1549,4,3,1,1,0,3.4,Hillcrest,0,1,10,9.1,0,255000
843,2164,4,4,1,0,48,5.0,Downtown,0,0,4,6.4,0,314500
844,1386,4,3,1,0,33,9.2,Old Town,1,1,10,8.4,0,201700
845,1804,3,3,3,2,10,5.0,Green Valley,0,1,4,9.1,1,292500
846,2655,2,1,2,2,23,12.7,Old Town,0,0,4,1.1,0,258100
847,2842,1,1,1,1,11,1.6,Hillcrest,1,1,9,3.4,1,402700
848,860,2,2,1,0,19,17.3,Downtown,0,1,10,2.2,0,175800
849,2185,4,3,2,2,58,2.2,Old Town,0,1,1,6.4,1,249800
850,2872,3,2,1,1,0,1.3,Green Valley,1,0,4,2.1,0,445400
851,1500,3,3,1,2,7,5.9,Lakeside,0,0,3,4.3,0,310700
852,1942,3,3,3,2,19,2.5,Riverside,0,0,1,6.1,1,289800
853,2629,2,1,1,1,38,21.1,Green Valley,1,1,9,6.7,0,329300
854,1529,3,3,2,2,45,7.1,Riverside,1,1,4,5.1,1,249000
855,2049,6,3,2,1,15,29.6,Riverside,1,1,1,2.4,0,321500
856,1767,3,3,1,2,38,4.9,Lakeside,0,0,6,7.2,1,274200
857,741,3,3,1,1,58,6.3,Hillcrest,0,1,5,8.9,0,145200
858,1990,4,4,2,2,11,7.3,Downtown,0,0,6,4.6,0,371700
859,1699,3,2,2,2,44,22.8,Green Valley,0,1,6,5.4,0,227700
860,2310,2,2,1,2,58,2.7,Lakeside,0,1,7,4.2,0,360200
861,2951,3,3,1,1,58,14.1,Old Town,0,1,10,7.5,1,294300
862,2176,5,5,2,3,2,5.7,Downtown,0,1,6,1.2,0,468400
863,1598,2,2,1,2,18,13.8,Green Valley,0,1,10,3.5,0,232400
864,2048,2,1,1,2,39,3.5,Hillcrest,1,1,3,7.2,0,253100
865,1911,4,4,2,0,44,3.4,Downtown,0,1,10,7.4,0,308000
866,2363,2,2,1,2,12,0.5,Riverside,0,0,7,3.5,1,392600
867,1009,2,1,2,2,45,4.3,Hillcrest,0,0,3,9.7,0,108500
868,1159,2,2,2,2,18,5.8,Riverside,0,1,7,3.6,1,252300
869,675,5,5,2,1,46,30.2,Green Valley,0,0,9,1.7,0,154800
870,2134,5,5,2,3,37,9.9,Old Town,0,1,6,1.6,0,273500
871,1790,5,4,2,0,27,1.5,Riverside,0,1,8,7.6,0,280400
872,1448,3,3,1,3,31,12.3,Lakeside,0,1,3,1.4,0,314700
873,1401,5,5,1,3,32,5.5,Old Town,0,0,6,3.8,1,261100
874,1485,2,2,1,2,53,0.8,Riverside,0,0,2,6.3,1,208400
875,1290,3,2,2,1,49,7.5,Hillcrest,1,1,7,7.0,1,232200
876,1623,3,2,2,2,25,5.8,Riverside,0,0,4,3.8,0,271100
877,1528,3,2,1,2,23,0.7,Downtown,0,1,7,3.8,0,269300
878,2564,6,5,1,2,14,6.2,Downtown,0,0,1,8.8,0,429600
879,1978,4,2,2,2,10,25.7,Riverside,0,0,1,7.3,0,257600
880,1350,3,2,2,2,0,4.0,Green Valley,0,1,2,4.3,0,257500
881,1479,4,4,2,1,1,3.6,Old Town,0,0,4,5.4,1,227900
882,2459,4,3,2,3,16,40.0,Green Valley,0,1,8,4.5,0,353900
883,2049,2,1,1,1,10,0.5,Old Town,0,1,1,6.7,0,242200
884,1962,3,2,1,2,55,2.3,Lakeside,0,0,8,1.4,0,351700
885,2196,3,2,2,1,25,4.2,Hillcrest,0,1,1,5.8,0,273000
886,2672,5,5,2,3,39,1.0,Green Valley,1,1,3,3.0,0,427200
887,1130,5,4,1,0,14,4.0,Riverside,0,0,6,4.1,0,223900
888,1390,3,3,2,1,48,3.5,Hillcrest,0,0,10,7.5,1,218600
889,843,6,6,3,0,50,15.9,Lakeside,0,0,1,3.1,1,178500
890,2072,2,2,1,0,11,2.8,Green Valley,0,0,9,5.6,0,323300
891,1592,3,2,2,2,44,2.5,Old Town,0,1,7,7.3,1,183600
892,1430,2,2,3,1,6,2.3,Downtown,0,1,10,3.0,1,348800
893,1381,3,2,1,3,10,1.0,Riverside,0,1,8,1.5,0,301900
894,2180,5,3,3,2,23,5.0,Hillcrest,0,1,9,8.9,1,345000
895,1722,4,2,1,0,44,14.1,Green Valley,1,1,6,7.5,1,278000
896,1508,1,1,1,2,7,0.8,Hillcrest,0,0,8,3.7,1,285200
897,2490,2,1,1,2,54,1.6,Hillcrest,1,0,1,8.6,0,284500
898,1225,4,3,1,3,20,24.1,Hillcrest,0,1,8,4.7,1,204600
899,1105,3,2,2,2,44,1.5,Green Valley,0,1,6,9.0,1,182400
900,3227,4,4,2,1,10,2.9,Riverside,0,1,6,5.1,0,453800
901,1598,4,3,3,1,21,27.5,Old Town,1,0,5,5.4,1,220000
902,1501,4,2,1,1,48,17.2,Downtown,0,1,10,3.0,0,252800
903,1400,4,4,1,3,39,4.7,Riverside,0,1,7,5.4,0,257900
904,1725,4,3,2,1,8,10.1,Green Valley,0,0,9,8.1,0,317200
905,2231,2,1,2,0,54,6.0,Old Town,0,1,8,8.8,1,221800
906,2214,4,2,1,2,19,13.1,Hillcrest,0,1,5,5.4,0,296200
907,2099,3,2,2,2,5,4.3,Riverside,0,1,7,2.4,0,334700
908,1647,4,3,3,2,47,8.6,Lakeside,0,0,9,2.1,0,313400
909,980,1,1,1,2,8,0.5,Hillcrest,0,1,8,3.1,0,171600
910,1956,2,1,2,1,18,0.8,Downtown,0,0,3,7.7,1,314600
911,2635,3,3,3,1,4,3.8,Hillcrest,1,1,8,8.9,1,389200
912,2388,4,3,2,1,19,5.7,Hillcrest,0,0,9,9.7,0,368600
913,1707,3,3,2,0,2,7.9,Hillcrest,0,1,8,2.2,0,311800
914,2241,4,4,1,3,8,11.7,Old Town,1,1,6,3.6,0,303800
915,1588,1,1,1,0,16,0.5,Riverside,0,1,3,4.9,1,281500
916,1770,1,1,1,3,3,10.4,Lakeside,0,1,10,3.2,0,362200
917,1121,4,3,2,1,6,8.9,Riverside,1,1,10,6.6,1,292300
918,1627,6,3,1,1,32,5.1,Downtown,0,0,3,5.1,1,336500
919,1877,3,3,1,2,23,5.8,Hillcrest,1,1,2,1.4,0,301600
920,1707,3,2,3,1,56,6.1,Lakeside,0,0,10,7.6,0,275300
921,2223,3,2,2,1,3,5.7,Riverside,0,1,6,8.8,1,319600
922,2836,4,3,2,0,46,11.5,Old Town,0,1,9,8.6,0,290800
923,2527,3,2,2,2,0,0.5,Riverside,0,0,1,2.8,1,399200
924,1632,3,3,2,1,34,13.5,Lakeside,0,1,5,7.5,0,257600
925,1398,4,3,2,1,22,6.8,Lakeside,0,1,4,5.7,0,258700
926,1441,1,1,1,0,45,40.0,Downtown,1,1,5,2.1,0,147900
927,1262,5,4,1,2,49,2.7,Old Town,1,1,8,8.3,0,255300
928,1819,4,4,3,3,44,3.9,Riverside,0,1,7,5.0,0,320200
929,2032,5,5,1,0,45,3.6,Riverside,0,1,6,2.8,0,300000
930,1901,4,2,1,2,59,6.9,Downtown,0,0,8,4.3,0,299100
931,1907,4,4,2,3,24,27.7,Old Town,0,1,5,4.8,0,239800
932,1887,3,2,2,0,14,0.5,Downtown,1,1,10,9.5,0,314200
933,1727,4,3,1,0,59,10.6,Lakeside,1,0,5,9.1,1,256800
934,1392,4,3,1,1,24,5.2,Green Valley,0,0,6,7.7,0,235300
935,2749,3,3,2,2,46,1.6,Downtown,0,1,9,3.4,0,409900
936,2376,4,4,1,2,28,7.2,Green Valley,0,1,10,9.1,0,357000
937,1300,3,2,2,2,48,10.5,Lakeside,0,1,10,1.1,0,250600
938,1302,6,5,1,2,11,3.4,Lakeside,0,1,4,5.1,0,341800
939,1478,4,4,2,1,53,3.5,Old Town,0,1,2,9.0,0,161200
940,1818,5,4,1,1,32,1.5,Old Town,1,1,7,4.0,0,264100
941,2492,5,3,3,2,36,5.4,Riverside,0,0,1,2.7,0,349700
942,2358,4,4,1,3,24,1.7,Green Valley,0,1,1,6.2,0,355500
943,2387,5,3,1,1,21,12.9,Hillcrest,0,1,9,3.3,0,340000
944,2398,4,3,1,2,43,3.1,Riverside,0,1,5,3.1,0,354900
945,2409,3,3,2,1,24,19.5,Downtown,0,0,7,8.4,0,346000
946,2205,6,5,1,1,11,0.5,Downtown,0,1,9,3.0,0,463100
947,2050,4,4,1,0,21,0.5,Old Town,1,1,3,2.0,1,281400
948,1735,4,4,1,3,46,0.5,Downtown,0,1,8,6.7,1,350900
949,841,6,4,1,0,38,3.5,Hillcrest,0,0,3,2.1,1,158500
950,1729,4,4,3,2,45,1.3,Green Valley,0,1,2,4.1,0,244300
951,2791,1,1,2,2,16,6.2,Downtown,0,0,4,3.0,0,399100
952,1503,4,3,1,0,12,4.5,Old Town,1,1,3,3.7,1,209300
953,1456,4,4,1,1,3,4.4,Green Valley,0,0,8,8.1,1,327000
954,2360,4,2,1,1,51,14.2,Riverside,0,1,2,8.7,0,274200
955,1844,6,5,1,3,41,23.3,Hillcrest,0,1,3,6.8,0,216200
956,1536,4,3,1,2,53,8.5,Lakeside,0,1,9,1.5,1,333200
957,2657,6,6,2,1,38,3.3,Downtown,0,0,3,2.6,0,490000
958,2143,4,3,2,3,31,7.4,Riverside,0,1,1,8.2,0,315400
959,2217,6,6,1,2,10,7.4,Riverside,0,0,3,7.4,0,364400
960,1489,3,3,2,2,56,4.9,Hillcrest,0,1,1,8.9,1,230400
961,2073,2,2,2,1,36,8.3,Green Valley,0,1,9,6.3,0,285600
962,2007,3,3,1,0,8,12.5,Riverside,0,0,4,2.4,0,309700
963,2227,5,4,1,1,52,0.5,Hillcrest,1,1,6,5.4,1,317400
964,2432,5,4,1,0,7,1.3,Downtown,0,0,7,1.6,0,440200
965,2419,4,2,2,3,18,19.9,Old Town,1,1,4,3.6,1,270100
966,1894,3,2,2,1,49,5.9,Riverside,0,1,7,6.0,1,292300
967,2179,3,3,2,2,46,10.6,Hillcrest,1,1,4,3.3,0,309100
968,1170,1,1,2,1,54,10.7,Hillcrest,0,0,5,3.4,1,153100
969,2154,3,3,2,1,49,5.7,Lakeside,0,0,9,6.7,1,360200
970,2176,3,2,1,0,51,1.0,Lakeside,0,1,8,4.3,0,343700
971,1586,6,4,2,1,15,12.4,Green Valley,0,0,10,2.4,0,291300
972,1374,3,2,2,2,16,16.2,Old Town,1,1,7,9.5,1,152200
973,1768,4,4,1,2,57,0.9,Riverside,0,1,4,8.4,0,226500
974,1133,3,3,2,1,20,0.9,Old Town,0,0,7,8.1,0,175100
975,1987,1,1,2,0,35,19.3,Green Valley,0,0,10,4.2,0,264200
976,1962,3,2,2,1,39,1.2,Green Valley,0,1,3,7.3,0,253600
977,1278,4,2,3,2,41,4.4,Hillcrest,0,1,7,1.8,0,219500
978,1826,4,3,1,2,19,1.1,Old Town,0,0,1,4.6,0,234100
979,2387,5,4,2,2,56,0.7,Old Town,1,1,2,2.6,0,310100
980,2384,3,2,2,2,46,0.5,Green Valley,0,1,5,2.4,0,341400
981,2356,4,4,2,2,33,3.5,Hillcrest,1,1,7,7.2,0,369600
982,1717,4,2,2,0,44,1.3,Green Valley,0,1,3,5.6,0,244300
983,1614,4,2,1,1,53,20.5,Green Valley,0,1,4,4.6,0,199100
984,1585,2,2,2,2,42,13.3,Riverside,0,0,1,8.8,1,196000
985,2126,5,5,2,1,13,20.0,Old Town,0,1,2,7.3,1,274500
986,3094,4,4,1,1,54,8.9,Hillcrest,0,0,10,3.8,0,404500
987,2573,4,3,1,2,5,12.9,Old Town,0,1,3,7.5,1,360000
988,2672,2,2,2,2,11,9.1,Hillcrest,0,1,5,4.5,0,343600
989,2542,5,3,2,1,13,1.4,Green Valley,0,1,9,5.0,1,448100
990,913,4,3,1,1,10,6.3,Hillcrest,1,1,1,3.9,0,200400
991,1690,2,2,2,2,26,0.5,Downtown,0,1,7,9.5,0,308600
992,1562,4,2,1,0,21,7.1,Hillcrest,0,0,4,7.6,0,199100
993,2487,2,2,3,1,53,0.9,Downtown,0,0,9,5.0,1,392700
994,2729,2,2,2,3,18,0.5,Downtown,0,1,4,2.8,1,457100
995,1435,4,2,1,2,14,4.4,Old Town,0,1,6,1.9,1,241000
996,1821,4,4,2,1,34,2.7,Downtown,0,1,2,8.2,0,311900
997,2106,3,2,1,1,38,14.4,Lakeside,1,0,9,2.6,1,378900
998,1531,2,2,1,2,59,8.1,Green Valley,0,1,4,8.2,0,234400
999,1454,3,3,2,2,49,1.7,Hillcrest,1,1,10,3.2,1,271700
1000,1427,2,2,1,1,6,5.2,Old Town,0,1,5,4.7,0,202400
1001,2287,2,2,1,1,45,13.1,Downtown,0,0,8,7.7,0,305100
1002,1300,2,2,2,3,28,21.3,Hillcrest,1,1,7,4.4,1,204100
1003,2424,4,3,2,2,49,0.5,Hillcrest,0,1,6,6.1,1,326100
1004,1848,4,3,2,2,48,5.2,Old Town,0,1,9,2.4,1,283900
1005,2213,3,3,3,2,41,3.4,Lakeside,0,0,3,2.2,0,377700
1006,2650,4,3,1,1,18,8.7,Green Valley,0,1,7,9.3,0,410300
1007,1432,2,2,2,2,2,4.1,Riverside,1,0,7,5.1,0,259400
1008,1351,5,5,1,1,50,18.2,Lakeside,0,0,7,5.8,1,257800
1009,2035,4,4,2,1,56,8.9,Old Town,1,0,2,6.0,0,239100
1010,1233,2,2,2,2,0,0.5,Lakeside,0,1,7,5.3,0,311000
1011,1398,3,2,2,2,4,1.3,Lakeside,0,1,5,9.3,0,317600
1012,1738,3,3,1,2,25,16.4,Green Valley,0,1,7,2.7,1,257100
1013,1886,5,4,2,2,32,1.1,Riverside,0,1,6,9.5,0,306100
1014,1116,4,3,2,0,27,10.0,Downtown,0,0,10,5.8,0,223500
1015,1590,2,1,2,1,37,5.6,Old Town,0,0,7,1.6,1,165900
1016,2120,4,4,1,2,14,26.9,Lakeside,0,0,10,2.2,1,396200
1017,2539,2,1,1,1,58,1.1,Riverside,1,1,1,3.9,1,318100
1018,722,3,2,1,1,5,4.7,Downtown,0,1,10,8.4,0,212400
1019,2517,4,2,1,1,17,3.1,Hillcrest,0,1,9,6.1,0,327000
1020,2284,2,2,2,1,59,4.7,Lakeside,0,1,9,7.0,0,333800
1021,1204,4,4,3,3,47,2.7,Old Town,0,0,8,4.2,0,221600
1022,993,3,2,1,2,21,18.6,Lakeside,0,1,9,9.8,0,225900
1023,2029,2,2,2,3,48,3.9,Hillcrest,0,1,8,7.6,0,262600
1024,1570,5,4,1,1,18,7.6,Downtown,0,1,7,6.5,0,276500
1025,1875,4,2,1,2,22,6.8,Green Valley,0,1,10,5.6,0,320800
1026,2272,3,2,1,2,24,10.7,Green Valley,0,0,3,8.2,1,290000
1027,1596,2,2,2,2,36,14.4,Old Town,0,0,8,4.0,1,214500
1028,1889,3,2,1,2,22,1.8,Hillcrest,0,0,5,4.1,0,263600
1029,2060,4,4,1,2,10,3.4,Riverside,0,0,8,3.3,0,333800
1030,2287,5,4,2,2,56,3.5,Old Town,0,1,7,1.1,0,285800
1031,2765,3,2,1,2,33,4.0,Green Valley,0,1,9,1.0,0,461500
1032,2732,1,1,2,0,40,6.7,Downtown,0,1,5,9.6,0,331900
1033,1932,1,1,2,2,45,13.3,Green Valley,0,1,8,7.2,0,273900
1034,1671,2,2,2,0,4,5.6,Lakeside,0,1,2,1.9,0,294400
1035,3100,4,3,1,2,21,13.4,Old Town,0,0,7,8.5,0,293800
1036,2151,2,1,2,2,43,6.1,Old Town,0,0,2,3.1,1,205100
1037,2034,4,3,2,1,23,23.3,Riverside,1,0,4,6.9,0,281500
1038,1197,1,1,1,0,58,2.5,Old Town,0,1,7,2.3,0,132100
1039,2226,3,2,1,3,27,0.6,Riverside,0,1,5,2.7,0,343500
1040,1375,4,4,1,0,37,3.7,Lakeside,0,0,4,2.4,0,239100
1041,1549,4,4,2,2,32,8.9,Hillcrest,0,1,8,9.5,0,223000
1042,1069,1,1,3,1,55,10.4,Green Valley,0,0,7,2.6,0,156300
1043,1516,2,2,2,2,2,13.0,Green Valley,0,1,5,9.1,0,220600
1044,1834,2,2,2,1,8,5.3,Lakeside,0,1,7,9.3,1,336800
1045,979,3,3,2,3,53,9.4,Lakeside,0,0,10,5.0,0,196000
1046,1310,3,2,1,0,18,2.9,Old Town,0,1,1,4.5,1,192900
1047,1757,4,2,3,3,48,11.6,Green Valley,0,0,2,6.5,1,253400
1048,1109,2,2,2,2,43,0.9,Old Town,0,1,9,7.8,1,156900
1049,1115,2,2,1,0,15,19.8,Riverside,1,0,9,1.2,1,205400
1050,1345,3,2,2,0,59,11.5,Lakeside,0,0,2,3.1,0,191900
1051,1030,4,4,1,0,24,11.2,Green Valley,0,1,9,9.1,0,177700
1052,2136,4,3,1,2,51,7.3,Hillcrest,0,1,6,9.4,1,257800
1053,1256,2,2,3,2,18,25.0,Old Town,0,1,6,6.5,0,128900
1054,2221,3,3,2,2,21,14.5,Lakeside,0,0,6,3.6,0,364200
1055,2307,4,2,2,2,35,6.0,Downtown,0,1,3,6.0,1,385900
1056,1144,3,2,3,3,51,12.6,Green Valley,0,1,9,6.1,1,195500
1057,1822,5,4,3,2,3,0.9,Riverside,0,0,7,9.0,0,326900
1058,1538,2,1,1,1,36,6.3,Old Town,1,0,3,7.8,0,149100
1059,1177,3,2,1,0,49,7.2,Green Valley,0,0,9,2.9,0,190800
1060,1617,4,4,3,0,37,8.8,Green Valley,0,0,9,4.3,0,265100
1061,1668,6,5,1,2,46,8.7,Green Valley,1,0,9,5.5,1,352400
1062,2190,1,1,1,1,5,0.6,Riverside,0,1,2,7.9,1,321000
1063,2362,4,4,2,0,45,4.2,Old Town,0,0,1,5.9,0,239100
1064,1197,3,2,1,1,17,10.3,Green Valley,0,0,6,1.8,1,256400
1065,1578,4,3,3,2,59,6.5,Hillcrest,0,1,9,5.5,0,238700
1066,2091,3,2,2,2,39,32.9,Old Town,1,0,10,3.7,1,243300
1067,2446,4,3,2,3,38,15.8,Hillcrest,0,1,8,8.2,1,336100
1068,500,2,2,2,2,12,28.6,Old Town,0,1,10,7.5,0,82900
1069,2501,5,5,1,2,27,10.3,Old Town,0,1,1,7.0,0,293500
1070,1708,3,2,2,3,36,0.5,Lakeside,0,1,2,2.8,0,308100
1071,2641,4,3,3,3,16,6.7,Green Valley,0,1,4,5.6,1,420100
1072,1568,3,3,2,1,23,3.7,Riverside,0,1,4,7.0,0,241900
1073,1344,2,1,2,1,21,9.1,Hillcrest,0,1,9,8.7,0,199700
1074,1825,3,2,2,2,26,0.5,Downtown,0,1,2,7.9,1,275800
1075,2442,4,3,1,0,19,6.7,Green Valley,0,0,5,9.6,0,309500
1076,1817,5,5,3,2,35,5.0,Riverside,0,1,7,8.5,0,296600
1077,506,3,2,2,1,26,3.2,Green Valley,1,0,5,3.9,0,171000
1078,2175,3,2,1,2,33,6.5,Hillcrest,0,1,1,4.1,1,259400
1079,917,5,3,1,0,33,2.8,Lakeside,0,0,3,5.6,0,178800
1080,1263,4,2,2,0,54,0.9,Green Valley,0,0,7,1.3,0,236700
1081,1162,3,2,1,1,1,0.8,Hillcrest,0,0,4,2.6,1,256700
1082,791,4,3,1,1,8,22.5,Downtown,0,0,10,2.5,0,186800
1083,1112,3,3,2,0,9,2.8,Downtown,1,1,2,8.0,1,254700
1084,1258,3,2,3,2,3,3.5,Lakeside,0,1,4,7.1,0,296400
1085,1464,3,3,2,2,30,3.5,Green Valley,0,0,2,9.8,0,234800
1086,1771,2,2,2,1,50,2.5,Old Town,0,1,5,7.6,1,212300
1087,1616,2,1,1,2,17,18.2,Hillcrest,1,1,7,4.5,0,247300
1088,986,2,2,2,3,13,12.2,Downtown,0,1,5,4.4,1,214600
1089,1700,4,3,3,1,54,5.0,Green Valley,0,1,3,1.5,0,252400
1090,2335,4,3,2,2,47,13.9,Old Town,0,1,10,3.6,1,263800
1091,2322,3,2,1,1,26,5.4,Lakeside,0,1,7,2.7,0,406600
1092,1874,5,4,1,2,52,3.6,Green Valley,0,1,4,9.5,0,275700
1093,2141,2,2,3,0,14,3.0,Old Town,1,1,2,7.3,1,240000
1094,2291,4,3,1,2,5,9.1,Green Valley,0,1,6,7.1,0,370100
1095,2549,4,4,2,0,24,20.2,Green Valley,0,0,7,7.3,0,356000
1096,2733,2,2,1,1,24,10.7,Lakeside,0,0,5,4.7,1,424400
1097,1624,5,4,1,3,30,1.7,Riverside,0,1,7,2.1,1,310700
1098,1651,4,3,2,3,37,0.8,Lakeside,0,0,8,1.3,1,381700
1099,2610,3,2,1,3,49,4.4,Hillcrest,0,1,2,4.5,1,348000
1100,2659,3,3,1,0,52,1.1,Downtown,0,0,6,8.4,0,357300
1101,2647,4,3,1,2,15,0.5,Green Valley,0,1,3,4.5,0,405100
1102,511,3,3,2,2,37,0.5,Downtown,1,0,4,8.9,0,148200
1103,1679,2,2,1,2,37,3.9,Downtown,0,1,2,7.5,0,271500
1104,500,3,3,2,2,38,0.5,Riverside,0,1,4,2.9,0,173800
1105,2201,5,3,2,3,3,9.3,Riverside,0,1,9,8.8,1,364900
1106,1831,3,3,1,1,58,3.7,Green Valley,0,0,6,4.7,0,253100
1107,1829,2,2,1,2,53,6.2,Old Town,1,1,4,2.9,0,222000
1108,1724,5,5,1,0,59,23.3,Riverside,0,1,10,1.7,0,230900
1109,2517,3,2,1,2,54,11.9,Old Town,1,0,5,9.4,1,249600
1110,1639,2,1,2,3,19,12.1,Green Valley,1,0,2,1.4,0,264200
1111,2368,4,3,1,1,7,2.6,Green Valley,0,0,4,9.9,1,375200
1112,2104,2,2,2,2,24,3.5,Riverside,0,0,10,1.7,1,377400
1113,1996,4,4,2,1,50,3.7,Old Town,0,1,5,8.5,1,258200
1114,2054,4,3,2,0,24,3.4,Lakeside,0,1,10,4.6,0,396300
1115,1861,2,2,2,1,22,11.0,Lakeside,0,1,1,10.0,0,257000
1116,1198,3,2,2,0,54,9.2,Green Valley,0,1,9,9.8,0,206100
1117,2194,4,4,1,2,46,3.9,Old Town,0,0,2,8.5,0,220400
1118,2192,2,2,1,2,36,8.0,Hillcrest,0,1,9,9.3,1,272200
1119,1721,4,3,1,0,35,14.7,Riverside,1,1,9,3.6,1,290900
1120,2202,4,4,2,1,17,5.5,Hillcrest,0,0,4,3.5,0,349100
1121,2294,2,2,3,3,9,0.5,Green Valley,0,1,10,2.2,0,383800
1122,1095,4,3,1,3,38,3.1,Downtown,0,1,4,2.6,0,242300
1123,1722,4,2,1,2,57,5.0,Downtown,0,1,5,3.2,0,282100
1124,1556,3,2,1,1,7,10.0,Hillcrest,0,0,8,2.4,0,239300
1125,1302,4,4,1,2,37,1.4,Riverside,0,1,9,1.4,1,259000
1126,1977,3,3,1,1,2,1.5,Riverside,0,1,10,6.8,0,334500
1127,1336,3,3,2,1,47,0.8,Lakeside,0,1,10,7.0,0,283100
1128,1561,3,2,1,2,2,1.5,Downtown,0,1,8,6.7,0,280800
1129,1935,4,4,3,1,29,15.3,Hillcrest,1,1,7,6.7,1,326600
1130,1992,1,1,1,1,28,9.5,Downtown,0,1,6,7.1,0,279600
1131,1977,4,4,2,0,44,3.5,Downtown,0,0,7,4.2,0,317200
1132,3029,2,2,2,2,52,14.6,Old Town,0,1,9,2.1,0,303500
1133,1523,2,2,1,2,44,3.7,Lakeside,1,1,9,1.2,1,329600
1134,1938,4,4,2,2,16,9.3,Green Valley,0,1,10,10.0,0,352800
1135,1137,2,2,3,2,30,11.2,Old Town,0,1,10,9.6,0,157000
1136,2065,4,2,1,2,6,7.7,Hillcrest,0,1,10,9.0,0,302900
1137,2434,3,2,3,0,45,7.9,Green Valley,0,1,9,3.6,0,343200
1138,2468,6,4,1,2,20,13.6,Green Valley,0,0,5,3.2,0,361300
1139,1450,6,4,1,2,0,4.5,Riverside,0,1,2,2.0,0,280600
1140,1646,3,3,1,0,35,0.5,Lakeside,0,0,6,9.0,1,310400
1141,2494,5,4,1,1,35,2.1,Hillcrest,0,0,2,9.0,1,339200
1142,1749,5,5,1,1,40,1.9,Downtown,1,1,7,5.0,1,416800
1143,2327,2,1,2,2,43,10.1,Green Valley,0,1,5,5.2,0,294700
1144,1265,3,3,2,1,48,3.0,Hillcrest,0,0,9,3.6,0,193900
1145,2561,2,1,1,0,32,14.2,Riverside,0,0,2,1.9,0,295700
1146,2365,2,1,2,1,45,17.0,Hillcrest,0,0,6,4.1,0,263800
1147,2055,3,3,3,2,3,3.3,Old Town,0,0,4,9.7,1,268000
1148,1361,3,2,1,0,1,2.0,Old Town,0,1,6,7.6,0,200300
1149,1712,3,2,2,1,33,2.2,Hillcrest,0,1,10,8.8,0,281700
1150,1883,2,1,1,2,14,36.4,Riverside,0,1,4,1.2,0,220800
1151,1945,3,2,1,1,27,7.1,Lakeside,0,1,4,5.2,0,299000
1152,1742,5,5,2,1,3,12.3,Old Town,0,0,10,8.0,1,262400
1153,1680,3,2,1,3,21,7.0,Old Town,1,1,3,5.1,0,260300
1154,1906,4,4,2,1,2,7.1,Old Town,0,1,4,3.4,0,281000
1155,2568,2,2,3,1,23,0.5,Hillcrest,1,1,9,2.3,0,394500
1156,696,4,4,2,0,58,1.3,Downtown,0,0,1,4.5,0,134700
1157,1045,4,4,2,1,50,13.4,Downtown,0,1,8,9.5,1,192900
1158,950,5,5,1,1,28,7.9,Green Valley,0,1,2,3.6,1,183600
1159,1422,2,2,1,2,26,7.2,Old Town,0,1,5,1.4,0,148200
1160,843,4,4,2,3,10,1.3,Downtown,0,1,5,9.0,0,269300
1161,2104,3,2,2,0,58,6.5,Riverside,0,1,5,6.3,0,238100
1162,1853,3,2,2,3,38,9.6,Downtown,0,1,3,2.8,0,301800
1163,1660,3,2,1,0,0,0.5,Downtown,0,0,7,4.9,0,349600
1164,1425,5,4,1,2,50,0.7,Green Valley,0,1,10,4.5,0,279300
1165,1886,3,2,1,2,21,6.7,Riverside,0,0,5,5.8,1,290800
1166,1898,4,3,2,2,1,5.7,Downtown,0,1,9,3.8,0,404100
1167,1982,1,1,1,2,25,2.7,Lakeside,0,1,8,8.6,0,313200
1168,1399,5,4,1,2,12,8.1,Hillcrest,1,1,4,5.0,1,299700
1169,2157,4,2,2,1,18,24.1,Riverside,0,1,5,1.4,0,270200
1170,992,4,4,2,0,44,12.2,Riverside,0,0,6,4.3,0,193500
1171,2487,3,2,2,2,16,17.7,Old Town,1,1,3,4.5,1,274400
1172,500,3,2,3,2,51,1.2,Riverside,0,0,9,5.2,0,130500
1173,1473,3,2,3,1,45,4.5,Lakeside,0,1,3,4.0,0,269400
1174,1139,4,3,1,0,56,6.1,Riverside,0,1,9,4.5,0,159900
1175,2234,3,2,2,2,26,11.9,Old Town,0,0,1,5.2,1,264500
1176,983,5,4,2,1,22,14.6,Old Town,1,1,7,2.4,0,220000
1177,2802,3,2,2,3,20,1.1,Old Town,0,1,2,7.8,0,314000
1178,950,5,3,1,1,41,2.8,Old Town,1,0,2,6.5,0,155500
1179,2916,3,3,2,2,37,1.7,Green Valley,0,1,8,9.0,0,403900
1180,2046,2,2,3,2,11,0.5,Hillcrest,0,1,1,9.1,0,292500
1181,1817,2,1,2,2,36,6.7,Downtown,0,0,5,7.0,1,304600
1182,2040,3,3,1,2,55,5.4,Downtown,0,1,8,8.4,0,326400
1183,3006,5,3,2,2,16,2.9,Downtown,0,1,6,2.9,0,511100
1184,2291,4,4,3,0,36,2.0,Hillcrest,0,0,4,3.2,1,353300
1185,572,4,3,2,2,41,0.5,Hillcrest,0,1,3,9.1,0,142400
1186,2457,3,2,2,2,41,3.4,Hillcrest,0,1,1,1.7,0,318700
1187,1927,2,2,1,1,42,6.3,Old Town,0,1,6,1.3,0,240100
1188,911,3,2,1,1,58,9.8,Lakeside,0,1,8,6.4,0,166800
1189,2218,4,4,2,0,41,20.0,Downtown,0,0,3,6.6,0,286700
1190,1134,2,2,1,0,7,5.0,Lakeside,0,1,9,5.7,0,279600
1191,1900,3,2,1,2,7,4.0,Old Town,0,1,3,9.3,0,218000
1192,1928,3,2,3,0,53,27.3,Downtown,0,1,1,9.0,1,235800
1193,1443,4,3,2,2,53,23.2,Lakeside,0,0,1,2.9,0,212900
1194,2156,4,3,1,0,11,13.8,Green Valley,0,1,9,1.7,0,355900
1195,1238,2,1,1,2,3,3.8,Green Valley,1,1,7,1.4,0,277600
1196,1905,3,2,2,2,37,0.5,Riverside,0,1,6,8.6,1,273700
1197,1499,4,3,1,1,24,0.5,Hillcrest,1,0,3,6.0,0,229200
1198,1700,5,3,1,2,37,4.4,Old Town,0,1,8,7.3,0,242100
1199,2858,3,2,2,3,9,13.4,Old Town,0,0,1,9.5,0,289200
1200,1862,4,3,1,1,10,5.7,Old Town,0,0,8,4.0,0,240100
1201,1202,2,2,1,0,40,0.5,Lakeside,0,0,9,9.7,0,211500
1202,1736,3,3,3,0,38,13.6,Old Town,0,1,6,5.6,1,220900
1203,1377,4,2,2,1,7,0.6,Riverside,1,1,4,8.2,1,277000
1204,1815,1,1,1,1,56,1.4,Hillcrest,0,1,6,8.5,1,233600
1205,1889,3,3,2,3,14,0.5,Green Valley,0,1,10,5.3,0,391800
1206,1847,5,5,3,3,33,0.5,Riverside,0,1,4,3.1,1,343000
1207,1846,2,2,1,1,52,7.9,Hillcrest,0,1,1,4.5,1,222600
1208,1501,1,1,2,2,7,1.7,Old Town,1,1,10,7.5,0,261900
1209,2047,4,3,2,2,53,5.5,Hillcrest,0,1,8,7.3,0,298800
1210,2382,4,4,1,0,27,20.2,Riverside,0,0,6,3.6,0,285500
1211,1459,2,2,2,2,45,14.7,Hillcrest,0,0,1,8.2,0,155300
1212,1768,3,2,2,1,2,5.8,Old Town,0,0,9,3.0,0,224500
1213,1833,3,2,1,1,32,2.2,Riverside,1,0,9,5.4,0,319000
1214,2490,2,1,1,0,59,0.5,Hillcrest,0,1,5,9.8,1,278300
1215,2394,4,2,2,2,32,17.7,Riverside,1,1,5,4.3,0,348500
1216,1398,2,1,2,3,38,3.1,Lakeside,0,1,8,8.8,0,265000
1217,1840,4,4,2,0,36,9.2,Old Town,1,0,3,3.5,1,258900
1218,978,4,3,2,1,12,18.6,Hillcrest,1,1,9,9.8,0,182600
1219,1269,2,2,2,0,21,16.6,Lakeside,0,1,5,1.0,1,239500
1220,1808,4,4,3,1,6,7.9,Green Valley,0,0,4,5.3,0,312400
1221,2146,2,2,2,2,31,3.9,Old Town,0,0,2,9.5,0,252000
1222,2325,4,4,1,2,19,9.2,Old Town,0,1,5,8.4,1,282700
1223,1629,2,2,2,1,3,3.4,Old Town,1,0,4,1.1,1,233200
1224,1056,4,3,1,0,48,12.7,Old Town,0,0,1,5.3,0,70000
1225,2018,3,2,2,2,51,8.2,Downtown,1,0,8,8.9,1,344400
1226,1705,3,2,1,3,6,0.9,Hillcrest,0,0,1,8.1,0,251100
1227,2033,4,2,2,1,0,2.3,Green Valley,0,0,6,6.1,0,317100
1228,1888,4,2,2,2,46,6.2,Old Town,0,1,8,4.9,0,196100
1229,2194,1,1,2,2,54,4.8,Hillcrest,0,1,8,6.3,0,249100
1230,2160,2,2,1,2,40,10.3,Lakeside,0,1,1,2.5,1,321600
1231,2264,6,6,2,1,46,10.0,Riverside,0,0,10,4.6,1,378500
1232,1547,3,3,1,0,10,14.8,Riverside,1,1,4,2.4,1,252500
1233,2348,4,4,2,0,44,7.5,Hillcrest,1,1,5,9.7,0,288700
1234,1523,3,2,1,1,7,20.7,Hillcrest,1,0,2,8.4,1,231800
1235,1847,4,3,1,1,8,9.3,Hillcrest,0,0,6,8.9,0,266000
1236,2823,2,2,2,1,35,22.3,Lakeside,1,1,10,2.8,0,440900
1237,1996,3,2,2,0,38,14.3,Downtown,0,1,2,6.0,0,245700
1238,1159,4,3,1,2,52,4.5,Green Valley,0,0,10,1.9,1,231300
1239,2620,3,3,2,0,18,23.1,Lakeside,1,1,3,6.5,0,407400
1240,2350,4,3,2,1,53,12.0,Hillcrest,0,1,6,5.3,0,317400
1241,2427,4,4,1,2,3,19.1,Hillcrest,1,1,7,2.3,0,389600
1242,1908,4,3,1,2,1,10.5,Riverside,0,0,2,3.2,0,332000
1243,1990,2,2,3,3,3,0.5,Green Valley,0,0,6,1.3,0,340000
1244,1672,5,3,2,1,34,34.2,Hillcrest,0,0,7,9.1,0,165000
1245,1415,4,4,1,2,19,1.5,Green Valley,0,1,4,3.5,0,313900
1246,2641,2,2,3,0,28,1.9,Downtown,0,1,8,8.0,1,443700
1247,1597,4,4,3,1,35,1.7,Old Town,0,1,9,3.8,0,268800
1248,1536,3,2,2,1,34,6.6,Lakeside,1,0,8,2.8,0,308000
1249,1556,3,2,2,1,17,4.8,Riverside,0,0,8,3.9,0,250000
1250,2824,3,2,2,1,13,11.7,Hillcrest,1,1,3,4.9,0,384200
1251,2283,3,2,2,0,9,9.5,Old Town,0,1,5,2.6,1,302600
1252,1598,2,1,1,0,6,35.4,Old Town,0,0,9,5.5,0,145600
1253,1775,5,3,1,2,9,0.7,Green Valley,0,1,3,7.5,0,324700
1254,2081,4,3,2,1,12,2.5,Lakeside,1,0,7,3.7,0,417900
1255,2283,3,3,3,1,15,20.5,Downtown,0,1,6,3.9,0,358900
1256,914,6,5,3,1,19,8.5,Riverside,0,1,1,2.7,0,244200
1257,2297,2,1,1,3,35,2.5,Old Town,0,1,2,5.2,0,210100
1258,1680,2,1,1,2,7,13.6,Downtown,0,1,3,5.4,0,262700
1259,1423,4,4,3,2,27,5.3,Green Valley,0,0,4,6.3,0,262400
1260,1585,2,2,2,2,16,1.0,Hillcrest,0,0,10,7.3,0,241000
1261,2236,2,1,1,1,10,0.8,Downtown,0,1,6,2.3,0,386500
1262,2767,1,1,1,1,12,13.5,Green Valley,0,0,5,3.7,0,338200
1263,1881,3,3,2,1,5,0.5,Old Town,0,1,10,3.2,0,268100
1264,2106,2,1,1,2,46,5.1,Old Town,0,0,5,2.9,0,227700
1265,1352,4,3,1,2,30,3.4,Riverside,0,0,9,2.9,1,268700
1266,2070,1,1,1,3,51,10.0,Hillcrest,0,1,7,1.8,0,240200
1267,2252,3,2,2,2,22,11.4,Green Valley,1,1,5,9.4,0,336500
1268,982,5,4,1,2,29,2.8,Lakeside,0,1,10,1.1,0,277200
1269,1518,3,3,3,1,49,3.2,Hillcrest,0,1,10,6.0,0,221300
1270,2235,3,2,2,1,47,0.5,Green Valley,0,1,8,9.5,1,311000
1271,833,2,1,1,1,34,2.2,Old Town,1,0,10,3.3,0,126400
1272,1594,5,5,1,0,28,3.2,Downtown,1,1,3,8.3,0,308500
1273,2130,1,1,2,1,54,0.9,Lakeside,0,1,1,4.5,0,311200
1274,870,3,2,2,2,53,0.7,Lakeside,0,1,10,2.8,0,199700
1275,1582,3,3,1,1,35,2.7,Lakeside,0,0,3,9.7,0,257800
1276,1830,4,3,2,3,50,4.3,Old Town,1,0,2,5.9,0,217200
1277,2290,4,4,2,1,33,8.9,Hillcrest,0,0,7,4.6,0,330400
1278,1097,5,5,1,1,25,17.0,Hillcrest,0,1,2,7.2,0,194300
1279,2410,5,3,3,2,57,5.5,Old Town,0,0,6,3.8,0,280400
1280,1968,4,4,2,2,19,9.5,Downtown,1,1,8,3.1,0,394500
1281,2458,3,2,1,2,45,14.0,Riverside,0,0,10,5.8,0,315100
1282,2440,3,2,2,1,53,3.5,Downtown,0,0,7,4.8,0,355000
1283,1987,5,4,2,2,11,14.2,Riverside,0,0,8,2.6,1,333100
1284,2067,4,3,2,1,29,3.5,Riverside,0,1,6,4.4,1,352900
1285,843,4,4,1,2,5,22.8,Riverside,0,0,2,3.4,0,171500
1286,1057,5,3,2,2,41,11.5,Old Town,0,1,5,4.6,1,174600
1287,1247,3,2,2,1,5,2.6,Old Town,0,0,8,7.7,0,178300
1288,1609,4,2,1,1,38,4.7,Riverside,0,1,4,1.9,0,229300
1289,2313,4,2,3,2,59,1.6,Green Valley,0,1,2,7.9,0,285200
1290,819,3,2,2,1,58,1.2,Lakeside,0,0,9,9.7,1,203900
1291,1624,4,4,1,1,50,2.3,Downtown,0,1,3,7.2,0,260200
1292,1073,2,1,3,1,4,16.0,Old Town,0,0,2,7.0,0,135700
1293,943,1,1,2,2,6,14.3,Old Town,0,1,2,6.4,1,141400
1294,2612,5,3,2,0,45,14.9,Old Town,1,0,9,4.3,0,304600
1295,1854,6,5,1,2,10,0.5,Riverside,0,0,7,5.9,0,356400
1296,2699,3,2,1,1,2,13.8,Green Valley,0,0,5,7.5,1,367200
1297,2451,3,2,2,2,19,2.3,Riverside,0,1,9,4.4,1,417200
1298,1293,2,1,1,2,38,2.9,Green Valley,0,0,5,8.0,0,180800
1299,780,5,4,2,1,31,2.6,Green Valley,0,1,7,8.6,1,252900
1300,2939,3,2,1,1,18,4.1,Downtown,1,0,5,3.5,0,452900
1301,1577,4,4,3,1,10,22.2,Old Town,0,1,5,8.2,0,209600
1302,1170,4,2,2,1,2,6.9,Lakeside,0,1,2,3.5,0,257600
1303,2180,3,2,1,2,42,0.8,Old Town,1,1,6,3.0,0,264300
1304,1875,5,5,1,2,19,3.0,Hillcrest,0,0,10,9.8,0,308600
1305,1431,3,3,2,1,29,8.8,Green Valley,0,1,5,6.0,0,234200
1306,1610,4,3,1,1,32,2.0,Riverside,0,0,3,7.0,1,248200
1307,1889,2,2,1,1,22,0.5,Lakeside,0,0,2,8.2,0,279900
1308,1841,3,2,2,0,24,9.7,Old Town,0,0,8,9.0,0,212100
1309,2216,4,3,2,1,7,3.9,Green Valley,0,1,9,4.4,1,408100
1310,1606,3,2,2,2,58,6.5,Lakeside,0,1,1,7.4,0,251900
1311,1611,4,3,2,1,47,6.5,Riverside,0,0,9,2.2,1,255900
1312,2130,5,5,1,1,20,6.9,Lakeside,0,0,2,5.0,0,359700
1313,1972,3,2,2,2,21,5.9,Green Valley,0,1,8,1.1,1,318100
1314,2402,3,2,1,0,30,0.5,Riverside,0,1,10,7.5,0,329900
1315,1663,1,1,2,1,23,21.7,Hillcrest,0,1,6,1.8,1,207200
1316,1746,3,3,2,1,48,9.5,Old Town,1,0,5,4.2,0,213800
1317,1164,4,2,1,2,48,16.3,Hillcrest,0,1,6,2.5,0,188500
1318,2625,2,1,2,1,39,2.0,Riverside,0,0,8,9.1,1,353800
1319,1033,6,6,1,1,14,7.3,Hillcrest,0,0,8,6.8,0,211200
1320,1911,2,1,2,1,7,6.0,Old Town,0,0,9,9.3,0,202100
1321,1309,3,3,1,1,52,0.5,Hillcrest,0,0,2,1.8,0,183300
1322,1986,1,1,2,2,24,5.1,Old Town,0,0,6,7.5,0,200700
1323,2209,3,2,1,3,57,5.6,Hillcrest,0,0,4,3.7,0,308500
1324,898,4,3,2,2,49,17.4,Old Town,0,0,5,9.5,0,114100
1325,1684,3,2,1,1,55,0.5,Hillcrest,0,1,4,2.2,0,235400
1326,834,5,3,2,1,1,9.0,Old Town,0,1,6,7.4,0,181400
1327,2572,4,4,1,2,51,11.9,Hillcrest,0,0,7,8.0,0,344500
1328,1556,3,3,2,3,6,19.4,Riverside,0,0,9,8.0,0,262800
1329,933,2,2,2,1,5,14.3,Lakeside,0,1,5,7.3,0,201300
1330,1414,4,4,1,2,10,0.5,Riverside,0,0,4,3.1,0,275700
1331,2521,5,4,1,0,48,1.1,Old Town,0,0,2,5.3,0,256400
1332,2618,2,1,3,2,3,1.9,Lakeside,1,0,3,7.6,0,466800
1333,2499,2,2,2,1,9,1.2,Hillcrest,0,1,5,3.6,0,326100
1334,1369,4,4,1,1,56,2.6,Downtown,1,1,2,8.1,0,260100
1335,1716,4,3,2,1,19,9.8,Old Town,0,0,10,4.9,1,237200
1336,2699,3,2,2,1,54,4.9,Green Valley,0,0,9,4.2,0,345000
1337,1398,2,2,2,2,37,0.5,Downtown,0,1,5,8.7,1,268600
1338,1616,3,2,1,1,32,5.2,Riverside,0,1,7,4.9,0,234600
1339,1275,5,3,2,2,2,10.2,Hillcrest,0,0,5,5.9,1,264300
1340,1160,2,1,1,2,53,3.2,Downtown,0,1,2,7.1,0,169400
1341,2463,4,4,2,2,9,8.2,Old Town,1,0,8,8.4,0,343400
1342,2147,3,3,1,2,42,0.5,Green Valley,0,1,2,1.7,0,341400
1343,2047,4,2,3,2,16,4.5,Green Valley,0,0,2,4.5,1,320000
1344,2119,3,2,1,2,37,4.6,Old Town,0,0,3,3.2,0,234200
1345,2362,3,2,2,1,10,2.3,Hillcrest,0,1,1,3.4,1,322500
1346,2631,2,2,2,0,45,6.3,Hillcrest,1,0,4,2.3,0,318500
1347,1796,5,3,3,2,36,18.0,Lakeside,0,0,9,8.5,1,339200
1348,1613,6,3,2,2,50,7.5,Old Town,0,1,6,3.3,0,212200
1349,1237,3,3,2,0,29,0.5,Lakeside,0,1,7,2.9,0,269300
1350,2395,3,2,1,1,6,1.0,Downtown,1,0,4,5.8,0,395000
1351,1517,4,2,1,0,22,2.8,Hillcrest,0,0,7,9.4,1,218200
1352,978,2,2,2,1,44,1.3,Hillcrest,0,1,10,1.3,0,153300
1353,1652,2,2,1,2,41,1.2,Old Town,0,1,9,2.9,0,236500
1354,1813,4,4,2,2,43,2.6,Downtown,0,1,9,8.3,0,353200
1355,2258,3,3,1,2,35,1.4,Old Town,0,0,3,4.4,0,287700
1356,2352,4,2,2,1,48,1.7,Hillcrest,1,1,6,8.9,0,320600
1357,1398,1,1,2,1,51,8.0,Green Valley,0,0,6,2.3,0,198900
1358,1360,5,3,2,0,20,0.5,Downtown,1,1,9,2.8,1,381600
1359,1620,4,3,1,0,26,12.8,Green Valley,0,1,4,8.3,1,216200
1360,1134,2,1,2,2,7,14.2,Hillcrest,0,0,10,3.8,0,198900
1361,1740,4,4,2,0,32,0.6,Green Valley,0,1,3,1.3,0,291800
1362,2054,6,6,1,0,43,6.1,Downtown,0,0,5,3.5,0,353400
1363,1824,3,3,3,3,45,14.8,Old Town,0,1,1,8.3,0,189200
1364,913,5,4,2,2,26,10.0,Lakeside,1,1,8,9.4,0,255100
1365,1144,5,5,2,3,37,33.8,Old Town,0,1,2,5.1,0,129000
1366,2507,4,4,1,1,52,11.3,Green Valley,0,0,9,3.4,1,358100
1367,1243,3,2,1,2,25,0.5,Riverside,0,1,8,8.5,1,227400
1368,2206,3,2,1,1,6,9.3,Green Valley,0,1,1,6.6,0,296300
1369,2148,3,3,2,0,41,4.9,Lakeside,0,1,9,7.5,1,370300
1370,1623,4,4,1,1,34,6.2,Green Valley,0,1,3,8.5,0,238200
1371,1252,2,2,2,2,37,8.6,Riverside,0,0,4,9.5,1,166100
1372,1916,3,3,1,1,33,20.3,Old Town,0,0,4,2.6,0,201200
1373,1313,3,3,2,2,1,7.4,Riverside,0,0,4,9.4,1,241100
1374,1703,5,5,2,0,18,7.0,Downtown,0,1,2,6.7,0,353600
1375,1858,5,4,1,1,1,2.4,Riverside,0,0,8,9.2,0,299200
1376,1406,3,3,2,2,27,15.8,Riverside,1,0,5,3.0,1,277800
1377,1675,4,2,2,0,0,1.7,Hillcrest,0,1,3,1.9,1,279300
1378,1630,4,4,2,0,6,8.6,Lakeside,0,0,7,2.7,0,339300
1379,1120,3,2,1,0,16,0.5,Downtown,0,1,7,9.6,1,204800
1380,1695,3,2,1,2,18,6.6,Green Valley,0,0,10,6.1,0,311100
1381,1450,2,2,1,1,53,2.6,Lakeside,0,1,7,7.6,0,205500
1382,797,3,2,1,1,19,6.7,Hillcrest,0,0,3,1.9,0,164400
1383,1614,3,3,1,0,12,12.1,Old Town,0,1,10,1.8,1,230300
1384,1644,3,2,2,1,12,0.9,Green Valley,0,1,9,4.6,1,338800
1385,1467,3,3,2,1,51,0.8,Old Town,0,1,1,1.3,0,190100
1386,666,1,1,2,0,26,2.2,Downtown,0,0,8,4.5,0,157900
1387,2227,3,3,2,2,29,3.7,Lakeside,0,0,9,2.5,0,383600
1388,2176,2,2,1,1,41,0.7,Old Town,0,0,3,5.1,0,208900
1389,2158,2,1,2,1,59,4.1,Riverside,0,1,1,5.0,0,239900
1390,1979,4,2,1,2,42,11.5,Green Valley,0,1,8,6.6,0,285600
1391,1109,2,2,2,0,6,3.2,Lakeside,0,0,6,5.1,0,238300
1392,1868,4,3,1,2,27,2.7,Riverside,1,0,6,9.6,1,323400
1393,1290,3,2,1,1,53,16.0,Old Town,0,1,9,4.6,0,144800
1394,3003,2,1,1,2,14,0.5,Green Valley,0,0,8,7.0,0,407500
1395,1514,4,2,1,3,27,16.4,Hillcrest,0,0,1,5.1,0,161600
1396,2167,3,2,1,1,12,2.7,Old Town,0,0,4,2.3,0,266900
1397,946,5,3,2,2,27,19.0,Downtown,0,1,4,9.9,0,185900
1398,1151,5,5,1,1,55,3.8,Riverside,0,0,4,3.3,1,212800
1399,1505,3,3,2,2,55,3.6,Downtown,1,1,3,8.5,0,235100
1400,2186,3,2,2,0,23,10.5,Lakeside,0,0,4,5.8,0,338000
1401,2101,4,4,2,2,32,1.2,Riverside,0,1,10,1.2,1,370000
1402,1958,2,2,1,2,44,14.0,Downtown,0,1,10,4.7,1,305000
1403,780,3,2,1,2,40,10.4,Hillcrest,1,0,10,2.1,0,171300
1404,2422,2,2,3,1,28,11.4,Hillcrest,0,0,10,3.2,0,289300
1405,1291,3,3,2,3,27,1.4,Hillcrest,0,1,9,6.2,1,275900
1406,2688,4,2,1,1,25,7.9,Green Valley,1,1,2,7.0,0,333800
1407,2826,4,3,2,2,23,4.0,Riverside,0,0,9,7.0,0,410900
1408,2254,3,2,2,2,28,0.5,Riverside,0,1,3,9.4,0,329800
1409,2344,5,5,3,2,34,0.5,Riverside,0,1,7,6.4,0,369800
1410,1106,2,1,1,0,10,4.8,Riverside,1,0,10,1.9,0,191600
1411,3220,3,3,1,2,50,18.8,Riverside,0,0,4,7.5,1,346900
1412,1920,4,3,2,1,10,10.7,Hillcrest,0,1,9,6.6,0,303800
1413,2350,3,3,1,2,46,0.9,Downtown,0,0,7,9.0,0,349700
1414,1328,4,3,3,3,42,8.9,Green Valley,0,1,8,2.7,0,239300
1415,1764,2,2,2,0,17,12.1,Downtown,0,1,10,4.9,1,283700
1416,1147,4,3,3,2,42,0.5,Hillcrest,1,1,6,8.4,1,273900
1417,1668,2,2,2,2,45,1.4,Lakeside,0,1,4,4.2,0,268000
1418,1809,3,2,2,2,35,3.9,Old Town,0,1,10,1.3,0,216600
1419,1941,2,1,3,0,20,11.6,Hillcrest,0,1,7,9.7,0,255200
1420,2568,4,2,3,2,27,1.7,Downtown,1,1,10,3.6,0,501000
1421,2064,1,1,3,0,32,2.6,Lakeside,0,1,3,8.8,1,346200
1422,1934,6,5,1,2,3,0.5,Hillcrest,1,0,7,5.1,0,355600
1423,1821,3,3,1,2,56,1.7,Hillcrest,0,0,1,8.3,0,217500
1424,2906,2,2,1,0,28,1.0,Green Valley,1,1,1,1.2,1,459900
1425,1482,3,3,2,2,19,3.3,Green Valley,0,1,8,4.2,0,307800
1426,2454,3,3,2,2,4,13.5,Lakeside,0,1,10,6.2,1,452100
1427,721,2,2,1,2,19,1.7,Hillcrest,0,1,10,2.9,0,201700
1428,1317,4,3,1,2,57,5.6,Downtown,0,1,10,4.9,0,247300
1429,2026,4,4,2,0,47,22.7,Hillcrest,0,1,10,9.1,0,270200
1430,1711,4,4,2,1,35,0.5,Hillcrest,0,1,4,5.2,1,278300
1431,3454,5,3,2,2,20,4.4,Hillcrest,0,1,1,6.1,1,445200
1432,3219,4,4,3,0,57,18.6,Downtown,0,0,8,2.5,0,445600
1433,964,2,1,1,1,15,11.5,Hillcrest,0,1,9,8.6,0,150400
1434,1211,3,3,2,2,41,11.8,Downtown,0,0,4,2.3,0,194100
1435,1722,3,2,1,2,0,26.7,Downtown,0,1,9,9.3,1,328100
1436,2757,3,3,1,1,47,5.1,Lakeside,1,1,5,1.0,0,471300
1437,2425,3,3,1,0,17,4.1,Riverside,0,1,10,8.1,0,333900
1438,1980,3,3,1,1,12,2.0,Green Valley,0,1,2,6.6,1,339600
1439,1022,4,2,2,2,21,7.0,Hillcrest,0,0,9,9.4,0,187000
1440,1336,3,3,2,1,12,3.4,Lakeside,0,0,5,9.8,0,294900
1441,500,4,2,1,3,22,11.5,Downtown,0,0,10,7.5,1,194000
1442,956,4,4,3,1,13,7.6,Hillcrest,0,1,10,9.8,1,183100
1443,2036,1,1,2,1,59,40.0,Lakeside,0,1,8,8.8,1,200900
1444,2236,6,4,1,1,46,9.9,Green Valley,0,0,3,2.5,0,292700
1445,1085,2,1,2,3,30,8.2,Hillcrest,0,1,5,7.6,0,169600
1446,1861,3,2,3,3,48,7.8,Green Valley,0,1,1,8.8,0,256500
1447,2697,1,1,2,1,6,1.8,Riverside,1,0,10,7.3,0,392900
1448,1892,3,2,2,1,27,5.0,Green Valley,1,1,9,1.1,1,336800
1449,1634,4,2,2,1,5,8.9,Hillcrest,1,1,10,3.3,1,280300
1450,2139,3,3,1,1,33,5.1,Green Valley,0,0,1,3.3,0,284700
1451,2093,5,3,2,3,53,12.9,Riverside,0,1,5,5.3,0,297700
1452,1847,2,1,1,3,26,8.3,Green Valley,0,0,8,4.5,1,333600
1453,1508,5,3,2,2,13,40.0,Downtown,0,1,7,4.0,0,242400
1454,1569,4,4,1,2,36,13.3,Lakeside,0,1,2,9.4,0,250600
1455,1852,2,1,2,2,41,10.8,Lakeside,1,1,3,9.8,0,262300
1456,1501,2,2,1,2,11,13.5,Lakeside,0,0,2,9.5,0,213000
1457,2536,2,2,2,3,41,1.2,Old Town,0,0,8,3.5,1,309100
1458,2294,4,3,2,2,54,4.1,Old Town,0,1,6,9.5,1,231900
1459,2401,3,2,2,2,18,2.4,Old Town,0,1,2,1.3,1,286700
1460,2918,6,6,2,1,26,11.0,Hillcrest,0,0,5,2.8,0,409300
1461,2671,2,2,2,2,5,6.9,Green Valley,1,1,7,5.5,0,385800
1462,2583,4,4,2,3,57,10.4,Old Town,1,1,5,5.5,0,303200
1463,2007,3,2,1,1,1,6.0,Riverside,0,1,9,1.0,0,318000
1464,1697,1,1,2,3,32,23.3,Riverside,0,0,9,7.0,0,198300
1465,3068,4,2,2,0,6,4.1,Hillcrest,0,1,9,2.9,1,454700
1466,1432,4,4,2,2,47,2.9,Old Town,0,0,5,6.2,0,187400
1467,1462,2,2,2,2,51,2.6,Lakeside,0,1,10,2.4,0,264700
1468,1324,3,2,2,3,53,9.0,Green Valley,0,1,3,4.8,1,194600
1469,1921,2,2,2,1,56,8.8,Lakeside,0,1,10,6.4,1,281800
1470,2032,2,1,1,1,4,3.7,Hillcrest,0,1,6,8.5,0,253600
1471,2369,3,2,1,1,16,5.5,Hillcrest,0,0,9,5.1,0,337000
1472,1679,3,3,3,0,41,3.0,Old Town,0,0,6,2.0,0,217400
1473,849,2,1,1,2,3,9.3,Riverside,0,0,2,2.2,0,104400
1474,1977,3,3,2,1,30,6.2,Lakeside,0,0,1,1.1,0,317000
1475,2338,6,5,1,2,21,8.2,Hillcrest,0,0,5,8.0,0,359700
1476,1820,3,3,2,0,48,14.2,Downtown,0,0,3,1.8,1,267200
1477,1729,3,3,1,1,11,5.0,Riverside,0,1,1,5.5,0,248100
1478,2112,2,2,2,2,59,2.4,Green Valley,0,0,1,3.0,0,250600
1479,2590,1,1,2,2,26,6.3,Lakeside,0,1,3,5.2,0,396700
1480,1766,4,4,2,2,37,2.3,Riverside,0,1,1,2.1,1,309700
1481,1021,2,2,1,2,57,8.4,Green Valley,0,1,9,2.4,0,157500
1482,1492,4,3,1,1,3,2.8,Hillcrest,0,1,5,6.4,1,274700
1483,1711,2,1,2,3,49,2.2,Green Valley,0,1,1,1.3,1,240400
1484,812,3,3,2,1,16,14.3,Riverside,0,1,8,4.0,1,208000
1485,2225,4,4,2,1,34,10.4,Lakeside,1,1,2,1.8,0,403200
1486,1380,4,4,2,1,20,19.6,Green Valley,0,1,2,7.5,1,207700
1487,2081,3,2,1,2,54,7.9,Hillcrest,0,1,8,1.4,1,285000
1488,1909,4,2,2,2,37,31.6,Old Town,0,1,2,6.2,1,191800
1489,1630,3,2,3,1,10,6.5,Downtown,1,1,8,4.4,0,334600
1490,2697,4,4,2,1,33,21.5,Green Valley,0,0,10,6.1,1,386900
1491,1492,4,4,2,1,49,15.4,Green Valley,1,0,9,1.4,0,252300
1492,1431,4,4,1,0,14,1.7,Hillcrest,0,1,6,2.5,0,266200
1493,1962,3,3,1,2,1,11.9,Lakeside,0,1,2,2.3,0,368500
1494,2263,2,2,2,2,3,3.5,Downtown,0,0,3,9.3,0,378100
1495,1800,1,1,2,3,35,3.5,Lakeside,1,1,3,8.8,0,335000
1496,1261,3,2,1,1,58,6.6,Downtown,1,1,3,8.9,0,195300
1497,2181,3,2,2,0,17,3.2,Hillcrest,0,0,6,8.0,0,278000
1498,2133,3,2,2,2,9,0.5,Green Valley,0,1,1,2.1,0,360400
1499,2942,2,2,1,2,35,0.5,Old Town,0,1,7,4.2,0,270600
1500,1679,3,2,1,1,55,1.8,Downtown,0,1,3,8.7,1,236000
1501,1918,3,2,2,2,42,27.5,Hillcrest,0,1,9,1.4,0,237300
1502,1489,1,1,2,2,30,4.9,Hillcrest,0,1,10,1.7,0,237500
1503,982,4,2,1,1,38,2.5,Downtown,0,1,8,3.0,0,217000
1504,1842,3,2,2,3,32,23.1,Downtown,0,0,9,4.2,0,296400
1505,2268,2,2,1,1,34,8.2,Hillcrest,0,0,10,6.4,0,248200
1506,1243,3,2,1,1,32,7.9,Downtown,0,0,8,9.9,0,190900
1507,1429,4,4,2,2,51,6.8,Downtown,0,1,5,6.2,1,274400
1508,1154,2,2,2,2,20,3.4,Green Valley,1,1,3,3.1,0,260700
1509,2538,3,3,2,1,46,7.0,Old Town,0,0,8,7.0,0,270300
1510,1452,4,4,1,2,53,3.5,Downtown,0,0,3,8.3,1,252700
1511,2119,2,1,1,1,20,15.2,Old Town,0,1,9,2.6,0,244800
1512,1325,3,3,2,3,1,0.7,Lakeside,0,1,5,1.2,0,335200
1513,1842,5,3,2,1,25,0.5,Lakeside,0,0,7,6.1,1,359900
1514,1456,4,2,3,1,21,0.5,Green Valley,0,1,1,1.1,0,269900
1515,509,3,3,1,0,1,1.3,Lakeside,1,1,1,8.9,0,183800
1516,1843,1,1,1,2,34,10.0,Lakeside,0,1,5,6.7,0,267900
1517,2090,5,4,2,2,19,1.6,Old Town,0,0,9,9.4,0,265700
1518,654,6,5,2,1,11,1.6,Hillcrest,0,1,5,3.2,1,200600
1519,1704,4,4,1,3,20,0.5,Hillcrest,0,1,5,2.3,0,256300
1520,1562,2,2,2,1,54,40.0,Lakeside,0,0,3,5.4,0,165800
1521,1207,4,3,2,1,45,3.7,Lakeside,0,1,2,2.4,0,215100
1522,1662,4,4,1,2,37,12.8,Lakeside,1,1,6,5.8,0,330400
1523,733,3,3,1,1,10,14.7,Downtown,0,1,9,7.1,0,149900
1524,1938,6,4,2,2,51,1.7,Green Valley,0,1,10,3.2,0,355900
1525,2452,4,2,2,2,15,4.4,Hillcrest,0,1,4,8.7,0,335000
1526,1106,1,1,1,1,49,10.4,Lakeside,0,1,5,4.9,1,180300
1527,1764,3,2,2,0,43,0.8,Green Valley,1,1,8,3.4,0,293900
1528,2584,6,6,1,3,8,8.8,Downtown,0,0,4,2.0,0,466800
1529,1867,6,4,2,2,19,2.7,Green Valley,0,1,8,6.6,1,323300
1530,1515,5,4,2,2,20,9.4,Lakeside,0,1,9,5.3,0,345500
1531,1299,2,2,2,1,48,14.3,Lakeside,0,0,8,2.3,0,201500
1532,1898,3,3,1,0,45,13.6,Green Valley,0,1,6,9.8,1,250600
1533,1727,4,3,3,1,57,14.5,Hillcrest,0,0,5,9.1,0,189600
1534,2147,1,1,2,1,3,4.0,Old Town,0,0,5,9.0,0,226800
1535,964,5,4,1,0,45,5.6,Green Valley,0,0,1,8.8,0,138500
1536,2392,3,2,1,2,33,10.0,Downtown,0,0,7,2.7,0,355000
1537,1578,4,4,1,1,20,11.1,Riverside,0,0,7,7.6,1,252200
1538,2153,4,3,1,2,42,19.2,Riverside,0,0,10,4.9,1,300300
1539,1403,3,3,2,1,31,8.9,Riverside,0,1,8,7.3,0,221100
1540,1086,5,5,2,1,10,11.0,Riverside,0,1,7,2.5,0,229400
1541,1488,2,1,2,0,30,2.9,Downtown,0,0,9,5.0,0,239700
1542,1275,3,2,2,3,51,25.7,Old Town,0,1,1,4.0,1,157600
1543,1594,3,2,1,2,32,3.6,Old Town,1,0,1,6.2,1,205200
1544,2156,4,4,1,1,36,0.7,Old Town,0,1,2,8.5,0,240000
1545,2393,4,2,1,2,49,12.1,Old Town,0,1,4,2.3,0,250800
1546,1912,3,2,2,2,49,0.5,Riverside,0,1,6,8.2,1,295400
1547,1503,3,3,1,2,17,11.2,Riverside,0,0,2,8.3,0,224100
1548,1552,2,2,1,2,19,5.6,Downtown,0,1,9,6.9,0,311200
1549,2126,1,1,2,1,3,3.7,Green Valley,1,0,7,2.7,0,339800
1550,2425,3,2,2,2,26,6.5,Downtown,0,0,2,4.1,0,354600
1551,1622,1,1,1,2,12,25.0,Old Town,0,1,3,5.2,0,170800
1552,1731,3,3,1,1,27,13.7,Hillcrest,0,1,3,5.8,0,201900
1553,1387,5,4,2,2,16,13.0,Riverside,0,0,9,7.1,0,257700
1554,1914,4,3,2,1,17,3.8,Hillcrest,0,1,10,8.2,0,302500
1555,2326,3,3,1,2,48,3.5,Downtown,0,0,4,7.2,0,344500
1556,500,5,5,2,2,37,7.3,Hillcrest,0,0,6,4.0,0,111900
1557,1941,6,5,2,2,25,11.9,Downtown,0,1,6,9.8,0,336800
1558,1497,4,4,2,2,28,5.3,Riverside,0,1,8,1.5,0,263600
1559,520,3,3,2,2,8,2.7,Downtown,0,0,10,4.9,0,185100
1560,1973,5,4,2,1,28,1.1,Riverside,0,0,4,8.5,0,312900
1561,1751,4,3,1,2,1,0.9,Hillcrest,0,0,8,7.0,1,310400
1562,2003,4,4,1,3,10,6.3,Riverside,0,0,10,10.0,0,299800
1563,1049,3,3,2,0,59,6.7,Old Town,0,1,3,8.1,0,72500
1564,2975,3,3,1,1,24,16.3,Downtown,0,0,1,4.1,0,395600
1565,1861,3,3,2,3,14,0.6,Old Town,0,0,9,7.0,0,258900
1566,1611,3,2,2,0,14,8.1,Hillcrest,0,1,8,3.9,0,263200
1567,2638,3,2,2,2,26,23.8,Riverside,0,0,6,6.4,0,332100
1568,2159,3,2,2,2,0,1.1,Old Town,0,1,5,2.7,0,267600
1569,2258,4,2,3,2,52,3.9,Hillcrest,0,0,7,8.1,0,280700
1570,2440,2,2,1,2,58,15.5,Riverside,1,0,2,9.9,0,260300
1571,661,2,2,2,0,5,4.3,Hillcrest,0,0,1,3.8,0,164900
1572,2718,2,2,1,0,36,0.7,Riverside,0,1,8,8.1,0,377100
1573,1609,4,4,1,1,42,3.8,Downtown,0,1,8,7.7,1,296400
1574,1957,1,1,2,2,43,2.0,Green Valley,0,0,5,8.5,0,233200
1575,2308,3,3,1,0,47,40.0,Downtown,0,1,2,7.2,1,241300
1576,1408,2,2,2,1,26,7.2,Lakeside,0,1,8,6.4,0,270200
1577,1975,1,1,3,1,21,4.9,Lakeside,0,1,9,9.2,0,358100
1578,2220,5,5,1,2,19,7.7,Old Town,1,1,1,5.5,0,257000
1579,1777,3,2,1,2,50,5.7,Lakeside,1,0,9,8.2,0,349900
1580,2072,5,4,2,2,38,0.7,Old Town,0,1,9,7.1,1,273300
1581,917,3,2,2,1,50,40.0,Green Valley,0,1,10,1.7,0,115700
1582,1144,6,6,2,3,54,8.9,Lakeside,0,0,2,5.6,1,261700
1583,1167,2,1,2,1,10,19.4,Lakeside,1,0,8,1.5,0,233400
1584,2004,3,2,2,1,53,0.5,Green Valley,0,0,8,7.6,1,319900
1585,3859,2,1,1,3,32,16.3,Old Town,1,0,3,5.5,1,392500
1586,1945,4,2,2,3,33,12.3,Lakeside,0,1,3,4.8,1,393900
1587,1719,2,1,1,1,32,2.3,Hillcrest,0,1,10,6.5,1,268800
1588,1765,3,3,1,1,53,6.2,Old Town,0,1,6,7.7,0,198800
1589,2341,2,1,3,1,55,3.5,Old Town,1,1,1,3.3,0,240400
1590,2193,2,2,1,0,0,5.1,Old Town,0,1,2,7.3,0,225200
1591,1169,5,4,1,0,44,28.9,Riverside,0,0,3,5.9,0,167300
1592,2359,4,3,2,0,39,2.2,Hillcrest,0,1,9,1.6,0,322700
1593,1787,4,3,1,2,10,10.1,Riverside,0,1,6,9.0,1,300200
1594,2250,6,4,2,1,11,16.1,Lakeside,1,0,9,9.6,1,458900
1595,701,5,3,2,0,36,2.7,Hillcrest,0,1,7,7.3,1,151900
1596,945,2,2,2,2,14,7.6,Old Town,0,1,10,5.2,0,188900
1597,2128,3,2,2,1,0,37.0,Green Valley,0,1,2,9.0,1,267400
1598,810,3,3,2,2,48,11.4,Downtown,1,0,2,5.3,0,153500
1599,2014,5,3,3,2,57,11.3,Hillcrest,0,0,4,5.9,1,247900
1600,1986,1,1,1,2,29,0.5,Hillcrest,0,0,2,8.0,1,236600
1601,1880,4,3,1,1,31,5.7,Green Valley,0,1,6,6.6,1,324200
1602,1996,2,2,1,2,33,3.0,Riverside,1,1,10,3.3,0,299800
1603,1946,2,1,2,1,10,2.7,Downtown,1,1,7,8.2,0,340500
1604,2046,2,2,1,2,21,3.1,Lakeside,0,1,10,7.1,0,366600
1605,1577,3,3,2,1,29,2.7,Riverside,0,0,6,3.4,0,266300
1606,1788,5,5,1,1,38,3.9,Downtown,0,0,2,3.6,1,316600
1607,3411,5,5,1,1,45,6.2,Downtown,0,0,3,9.8,0,491400
1608,2425,3,2,1,1,14,2.7,Green Valley,0,0,9,9.3,1,381400
1609,2137,6,5,2,3,59,0.8,Hillcrest,0,0,7,2.6,0,293800
1610,2016,2,1,2,2,0,17.4,Lakeside,0,1,4,4.4,1,373500
1611,1400,2,1,1,1,15,18.4,Lakeside,0,0,7,1.2,1,268600
1612,1925,3,3,2,2,58,8.5,Hillcrest,0,1,3,4.7,0,239300
1613,1664,3,3,3,2,9,7.8,Hillcrest,0,1,6,9.7,0,262900
1614,2320,5,5,2,1,30,28.9,Riverside,0,0,9,6.4,1,340000
1615,1297,1,1,1,2,50,2.0,Old Town,0,1,10,6.6,0,183800
1616,500,5,3,2,1,0,16.5,Old Town,1,1,6,6.4,0,165400
1617,1492,3,2,2,1,49,1.4,Old Town,0,1,10,3.3,0,172000
1618,2183,4,3,1,2,26,0.5,Lakeside,0,1,6,2.8,0,415200
1619,3152,1,1,1,2,34,0.5,Hillcrest,0,0,1,5.4,0,361800
1620,2364,5,4,1,2,32,10.6,Green Valley,0,1,9,7.7,0,384500
1621,1262,4,3,2,1,30,9.9,Hillcrest,0,1,7,9.3,0,213900
1622,1680,4,4,1,1,3,0.5,Green Valley,0,1,3,2.1,0,323200
1623,1277,4,4,2,0,34,5.9,Hillcrest,0,1,8,8.6,1,223200
1624,1697,4,4,1,2,48,3.6,Old Town,1,1,9,2.0,0,264900
1625,1306,5,3,2,1,20,7.3,Lakeside,1,1,5,8.6,0,296300
1626,896,4,4,2,2,27,7.5,Lakeside,0,1,7,7.2,0,232000
1627,2045,5,4,2,0,16,17.8,Green Valley,0,1,6,2.2,0,304100
1628,1908,4,3,2,0,49,2.0,Old Town,1,1,6,8.5,0,228300
1629,1706,4,4,2,2,16,10.8,Green Valley,1,1,2,1.6,0,305000
1630,1990,3,2,2,2,53,6.0,Lakeside,0,1,4,4.4,1,370600
1631,2918,6,6,2,2,11,4.2,Lakeside,0,0,6,7.6,1,555300
1632,1864,1,1,1,2,6,9.7,Green Valley,1,1,5,4.0,0,290300
1633,1592,4,3,1,3,47,2.7,Hillcrest,1,0,1,2.9,0,258600
1634,2276,2,2,2,0,3,1.3,Old Town,0,1,2,9.5,0,223200
1635,897,4,4,2,1,32,10.9,Old Town,0,1,9,2.2,0,173800
1636,2214,2,1,2,1,11,4.1,Downtown,0,0,5,7.7,0,319200
1637,1374,3,2,2,3,45,4.4,Hillcrest,0,1,4,6.1,0,195700
1638,1351,4,4,2,0,4,3.7,Old Town,0,1,8,8.8,0,225200
1639,1860,3,3,2,2,27,3.8,Old Town,0,0,1,1.5,0,228800
1640,2720,4,4,2,0,5,2.3,Hillcrest,0,1,1,2.9,0,385500
1641,1390,4,3,1,0,7,1.8,Green Valley,0,0,8,3.5,0,265200
1642,2324,2,1,1,1,2,8.8,Green Valley,0,0,3,1.1,0,318400
1643,2008,4,3,2,2,43,9.7,Old Town,0,1,2,8.4,0,244500
1644,1035,3,3,2,1,7,7.3,Riverside,0,0,2,3.4,0,197900
1645,2304,3,3,1,0,33,0.5,Lakeside,0,1,8,2.7,1,428600
1646,1346,3,3,1,1,36,28.1,Downtown,0,1,4,9.3,0,166200
1647,991,3,2,1,2,46,15.1,Lakeside,0,1,4,1.8,0,172300
1648,1365,3,3,1,3,21,6.3,Hillcrest,0,1,7,6.2,0,240000
1649,1400,2,2,2,2,13,18.5,Downtown,0,1,10,6.9,1,265700
1650,2126,4,4,2,1,19,2.2,Old Town,0,0,5,5.3,0,264100
1651,1397,4,3,2,2,46,15.4,Hillcrest,0,1,6,4.6,1,222800
1652,2621,2,1,2,0,46,4.2,Hillcrest,1,0,3,2.5,1,355400
1653,1922,4,3,2,1,32,11.3,Lakeside,0,1,8,1.1,1,360100
1654,1405,2,2,3,2,4,39.8,Downtown,0,0,3,1.7,1,222100
1655,1341,4,2,2,3,18,17.8,Green Valley,0,0,6,5.7,0,228300
1656,1925,3,2,1,2,5,9.6,Lakeside,0,1,6,1.7,1,390700
1657,684,3,3,2,2,53,10.8,Hillcrest,0,1,3,8.0,1,119300
1658,603,4,4,2,3,2,9.9,Old Town,1,1,5,9.7,0,190500
1659,1313,3,2,1,1,5,7.5,Riverside,0,0,2,9.1,0,201800
1660,2146,3,2,1,1,22,1.0,Green Valley,0,1,5,2.7,0,322800
1661,1899,3,2,1,0,57,2.8,Downtown,0,1,6,2.6,0,309500
1662,1812,4,3,2,2,9,1.1,Green Valley,1,1,6,7.9,0,341200
1663,1682,3,3,1,0,11,24.5,Downtown,0,1,1,5.9,0,225900
1664,602,4,3,1,1,56,11.6,Lakeside,0,0,4,5.5,0,114600
1665,1621,2,1,1,2,32,25.5,Old Town,0,0,6,5.1,0,150700
1666,824,5,4,1,1,49,5.5,Lakeside,0,1,3,6.0,0,188200
1667,2259,5,5,1,2,48,0.5,Riverside,0,1,5,7.8,0,341300
1668,1795,2,1,1,1,32,4.9,Old Town,0,1,3,9.6,1,193400
1669,1751,3,2,3,2,47,7.4,Hillcrest,0,1,4,4.9,1,281300
1670,2019,2,2,1,2,59,12.8,Downtown,0,1,7,7.4,0,265100
1671,1978,3,3,2,0,16,6.1,Hillcrest,0,0,3,7.3,1,242600
1672,1928,5,3,2,2,5,3.3,Riverside,0,1,10,3.1,1,397500
1673,1991,4,3,1,1,27,15.5,Downtown,0,0,5,6.5,0,291700
1674,1476,2,2,1,2,41,2.4,Riverside,0,1,4,8.5,0,190500
1675,1066,5,3,3,1,20,9.6,Hillcrest,0,0,6,6.9,0,189400
1676,1988,3,3,1,0,3,7.2,Downtown,1,1,10,4.5,0,358200
1677,2595,2,2,1,1,57,16.7,Green Valley,0,0,8,5.1,0,304900
1678,2356,3,2,1,0,25,3.5,Green Valley,0,0,1,8.5,1,300000
1679,1682,2,1,1,2,8,0.5,Downtown,0,1,10,6.5,0,297300
1680,2137,5,5,2,2,30,4.0,Downtown,1,1,1,6.9,1,399900
1681,1558,3,2,1,2,53,13.2,Hillcrest,0,0,1,3.4,0,193800
1682,2011,3,3,2,1,45,39.5,Hillcrest,0,1,10,1.4,0,217100
1683,1466,4,4,1,2,3,6.4,Riverside,1,1,5,3.0,0,301000
1684,1877,3,2,1,1,11,2.1,Green Valley,0,1,3,4.7,1,356600
1685,2901,1,1,2,0,5,4.9,Green Valley,0,0,2,2.0,0,388400
1686,2225,2,1,2,2,37,12.7,Downtown,0,0,9,3.2,1,341100
1687,2624,2,2,2,2,19,6.1,Old Town,0,0,7,6.9,1,291700
1688,1375,4,3,1,1,39,16.8,Riverside,0,0,1,2.6,0,167500
1689,1423,4,3,1,3,11,4.4,Hillcrest,0,1,6,8.1,1,306800
1690,1778,3,3,1,1,20,19.7,Hillcrest,0,1,1,4.8,0,202200
1691,2106,3,3,1,2,40,1.6,Riverside,1,0,9,8.0,0,303800
1692,1685,2,1,2,1,19,9.1,Old Town,0,1,1,7.8,0,154800
1693,2357,2,1,1,0,23,9.0,Green Valley,0,1,9,1.0,0,331100
1694,1497,4,4,2,3,43,6.7,Riverside,0,1,6,9.5,1,247200
1695,2548,4,3,3,2,54,0.5,Riverside,0,0,3,7.2,0,337600
1696,2333,3,2,1,1,38,2.6,Downtown,1,0,7,4.7,0,371400
1697,1186,4,4,3,1,11,3.4,Downtown,0,1,6,1.4,0,308400
1698,2121,3,3,1,1,40,13.6,Old Town,0,0,8,8.5,0,212100
1699,1677,2,2,1,2,17,5.9,Green Valley,1,1,2,4.6,0,281600
1700,2360,1,1,3,2,1,2.7,Hillcrest,0,0,8,3.2,0,339800
1701,1504,4,4,1,2,23,1.4,Green Valley,1,1,7,2.4,1,321800
1702,1971,5,3,2,1,33,0.7,Riverside,0,1,1,3.8,1,301500
1703,2100,6,6,2,1,11,5.0,Green Valley,1,0,9,2.0,0,369500
1704,500,3,2,2,1,55,1.1,Riverside,0,1,3,3.9,1,149300
1705,766,4,2,2,2,47,4.0,Green Valley,1,1,10,9.3,0,187300
1706,1870,4,3,2,2,5,6.4,Green Valley,0,0,7,2.0,0,340300
1707,1730,4,3,2,1,12,2.3,Old Town,0,0,5,3.5,1,248200
1708,2359,4,4,1,1,47,0.7,Riverside,0,0,5,9.1,0,308000
1709,1924,5,5,1,1,33,9.8,Old Town,0,0,10,4.2,0,236200
1710,1101,2,1,1,3,54,15.9,Downtown,0,1,4,8.6,0,140600
1711,1981,4,3,3,1,57,6.6,Lakeside,0,0,7,4.3,1,326600
1712,1387,3,2,1,1,41,10.4,Old Town,0,0,3,5.4,0,141600
1713,1674,4,2,1,1,31,3.3,Green Valley,0,0,2,6.8,0,246500
1714,1520,5,3,3,2,28,6.5,Downtown,1,0,7,4.5,0,337400
1715,1992,5,3,1,3,56,0.5,Riverside,0,1,1,6.6,0,245900
1716,1018,4,4,2,0,41,5.9,Downtown,0,0,10,9.0,0,224500
1717,1184,5,5,1,0,37,17.1,Old Town,0,1,10,3.9,1,202800
1718,577,2,1,1,2,51,5.4,Lakeside,0,0,7,2.4,0,142600
1719,2979,2,1,2,2,57,4.5,Old Town,0,0,9,7.3,1,327000
1720,1251,3,2,1,2,4,5.1,Lakeside,0,0,8,6.1,1,330900
1721,1325,4,4,2,1,32,5.3,Riverside,1,1,2,5.7,0,212600
1722,1165,4,3,2,1,23,10.1,Hillcrest,0,0,4,2.2,0,177300
1723,1446,4,4,1,1,13,12.2,Downtown,0,0,4,2.3,0,280400
1724,1559,2,1,1,2,25,4.5,Lakeside,0,1,2,4.4,0,247000
1725,2138,4,3,1,1,17,7.5,Green Valley,0,1,4,9.9,0,321600
1726,1897,3,2,1,1,21,18.7,Green Valley,0,1,7,1.0,0,277600
1727,1981,2,2,1,1,43,16.8,Lakeside,0,1,6,4.8,0,241100
1728,1475,3,2,2,1,10,0.5,Old Town,0,1,1,1.3,1,230200
1729,1760,4,2,1,2,16,17.4,Riverside,0,1,5,3.7,0,249100
1730,2470,2,2,1,2,52,8.9,Riverside,0,1,1,3.1,1,343200
1731,1787,5,4,1,1,35,17.6,Hillcrest,0,0,5,7.2,0,244100
1732,1968,2,1,1,1,6,19.2,Green Valley,0,1,9,3.3,0,270900
1733,684,2,2,2,0,17,0.5,Green Valley,0,1,7,3.0,0,184900
1734,2084,3,2,1,1,47,13.5,Old Town,0,1,9,1.5,0,197900
1735,1942,4,4,3,3,1,6.7,Lakeside,0,0,9,8.7,0,404900
1736,2508,4,3,2,1,50,0.8,Lakeside,0,0,8,7.7,0,410900
1737,500,5,3,2,1,18,6.3,Green Valley,0,1,1,5.8,0,156400
1738,1812,2,1,1,1,30,8.4,Riverside,0,0,9,6.6,1,298100
1739,1729,2,2,2,1,0,8.9,Riverside,0,0,9,6.0,1,279200
1740,1842,2,2,1,2,41,6.0,Riverside,0,1,2,9.1,0,219900
1741,1449,2,2,1,3,37,10.8,Green Valley,0,0,7,1.2,0,194000
1742,1909,3,3,1,2,48,6.2,Old Town,0,1,4,1.4,1,248400
1743,2179,6,5,1,3,59,3.2,Downtown,0,0,2,8.0,1,358800
1744,1817,4,3,1,1,22,23.9,Old Town,0,1,7,9.1,1,205600
1745,1630,3,2,1,2,40,12.3,Lakeside,0,1,10,7.4,0,260200
1746,1674,5,4,1,0,25,15.8,Downtown,0,1,1,5.7,1,312000
1747,1577,3,2,2,1,32,7.2,Lakeside,0,1,9,7.7,1,300200
1748,1812,1,1,2,1,2,4.7,Downtown,1,1,7,6.5,1,355800
1749,1395,2,1,3,1,39,7.9,Old Town,0,1,4,6.7,1,138400
1750,694,3,3,1,2,15,6.1,Hillcrest,0,0,8,4.5,1,172000
1751,2535,2,2,2,3,12,3.1,Green Valley,0,1,1,2.0,0,392400
1752,822,3,3,1,2,47,0.8,Hillcrest,0,1,5,1.7,1,207300
1753,1722,3,2,2,2,46,5.1,Lakeside,0,1,5,3.3,0,317300
1754,1069,4,3,3,1,41,1.3,Green Valley,0,1,6,1.9,0,209600
1755,1629,5,5,1,1,8,8.1,Green Valley,0,0,7,7.0,1,289100
1756,1255,2,2,3,1,12,6.3,Lakeside,0,1,1,2.8,0,255600
1757,1762,5,3,1,1,0,2.1,Lakeside,0,1,2,1.8,0,363000
1758,1322,3,2,2,1,1,0.9,Green Valley,0,1,10,6.5,0,298100
1759,1071,3,3,1,2,53,8.9,Hillcrest,0,0,7,7.6,0,163000
1760,1954,3,2,2,1,46,13.2,Old Town,0,0,10,7.7,0,208700
1761,2517,3,2,1,0,22,2.4,Green Valley,0,0,6,7.6,0,332700
1762,1973,3,3,2,3,6,1.1,Old Town,0,1,5,7.7,1,295200
1763,1842,3,2,1,0,46,12.1,Lakeside,1,1,8,1.4,1,300800
1764,1203,4,3,2,2,33,3.7,Old Town,0,1,4,7.2,1,161000
1765,1735,3,3,2,2,24,2.7,Green Valley,0,1,1,3.4,0,267900
1766,2026,2,1,2,2,15,0.8,Hillcrest,0,1,3,2.9,0,341000
1767,1422,5,5,1,1,53,3.8,Riverside,1,0,4,9.5,0,250700
1768,2275,4,2,2,1,32,12.8,Lakeside,0,1,9,10.0,0,352700
1769,1757,1,1,2,2,0,0.5,Downtown,0,0,3,7.2,0,286900
1770,1973,3,3,1,1,27,11.3,Downtown,0,0,2,7.1,0,299000
1771,1505,4,2,2,2,8,3.0,Lakeside,0,1,6,4.9,0,318600
1772,1509,2,2,2,1,39,8.4,Hillcrest,0,1,6,9.4,0,157300
1773,1899,3,2,2,1,6,11.3,Green Valley,0,0,6,8.5,0,280300
1774,1989,2,1,1,1,45,4.0,Riverside,0,1,6,6.7,0,231700
1775,1968,2,1,2,2,55,1.8,Lakeside,0,1,4,4.1,1,314500
1776,1217,3,3,1,1,14,10.5,Riverside,0,0,1,9.7,0,143800
1777,1372,2,2,1,2,43,2.7,Green Valley,0,1,5,2.5,1,246900
1778,1764,3,3,1,0,53,30.6,Downtown,0,0,8,5.7,0,175700
1779,754,3,2,2,1,52,3.3,Riverside,0,0,4,1.8,0,127500
1780,2349,4,3,1,2,45,3.9,Hillcrest,0,0,7,2.8,0,335000
1781,1948,5,4,1,2,11,2.6,Green Valley,0,0,10,1.4,0,415800
1782,1796,1,1,2,0,42,20.5,Downtown,0,1,8,3.2,0,243100
1783,1381,2,1,1,2,14,4.8,Green Valley,0,0,3,7.2,0,217700
1784,2225,4,2,1,2,53,32.6,Riverside,1,1,7,8.7,0,234100
1785,1623,3,2,1,1,56,5.9,Riverside,1,1,1,3.3,0,254900
1786,2818,2,1,1,2,29,6.3,Downtown,0,1,1,4.7,0,386700
1787,1989,2,1,1,0,32,6.5,Lakeside,0,0,9,4.9,0,311100
1788,952,2,2,2,1,55,2.0,Green Valley,0,0,1,7.7,0,128000
1789,2172,5,3,1,3,27,6.9,Hillcrest,0,0,1,1.3,0,324100
1790,1482,3,2,2,2,16,1.4,Riverside,0,0,8,2.2,0,279600
1791,1486,4,4,3,2,47,16.0,Old Town,0,1,8,8.7,0,193100
1792,1639,4,4,1,2,59,1.6,Riverside,0,0,9,1.5,0,267700
1793,1700,4,3,2,1,13,3.2,Hillcrest,0,1,5,1.0,0,293700
1794,1910,3,2,2,3,16,5.2,Lakeside,0,0,9,8.8,0,364500
1795,2190,3,2,1,1,38,2.9,Old Town,0,0,1,6.8,0,231600
1796,2021,4,4,1,1,22,6.7,Riverside,0,1,9,6.2,0,331500
1797,1372,3,2,3,1,12,2.6,Lakeside,0,0,10,7.8,0,294300
1798,1027,2,1,2,2,55,1.9,Downtown,0,1,9,1.7,0,214100
1799,1326,6,4,1,1,42,1.3,Riverside,0,0,7,1.5,0,259300
1800,1968,5,3,1,1,56,6.6,Riverside,0,0,3,8.6,0,238200
